id,name,artist,album,duration,uri
"2cGxRwrMyEAp8dEbuZaVv6","Instant Crush (feat. Julian Casablancas)","Daft Punk, Julian Casablancas","Random Access Memories","?",""
"4Toog7yLWuisCXhhat3MjZ","I like to pump it","prodkaz","!K","?",""
"0taVgQt7rClir9tpWPRMPw","Last Friday Night - Hardstyle","HARDEST","Last Friday Night (Hardstyle)","?",""
"7kmRuSCiqjBaKGhLk6EqdY","LOVE YOU LIKE A LOVE SONG (HARDSTYLE)","SICK LEGEND","LOVE YOU LIKE A LOVE SONG (HARDSTYLE)","?",""
"5rTQF3h6REk6ibLOpwQRk4","Starships - Hardstyle","puremind","Starships (Hardstyle)","?",""
"2EBCVPNAG46nbgs6jXPGvv","Starships","Nicki Minaj","Pink Friday: Roman Reloaded The Re-Up (Explicit Version)","?",""
"0laYHRpNTS6i8FXdupHkJ4","Love You Like A Love Song","Selena Gomez & The Scene","When The Sun Goes Down","?",""
"455AfCsOhhLPRc68sE01D8","Last Friday Night (T.G.I.F.)","Katy Perry","Teenage Dream: The Complete Confection","?",""
"2VOomzT6VavJOGBeySqaMc","Disturbia","Rihanna","Good Girl Gone Bad: Reloaded","?",""
"4Dvkj6JhhA12EX05fT7y2e","As It Was","Harry Styles","Harry's House","?",""
"0l0CvurVUrr2w3Jj1hOVFc","NO","Meghan Trainor","Thank You (Deluxe Version)","?",""
"1qwQ1P3FwFouG1zTIBkGXU","Anlamazdın","Ayla Dikmen","Klasikler (Orijinal Kayıtlar)","?",""
"3GbduPQThq9KIJ9Ql3JEaR","VEM NO PIQUE","MGD, Hwungii, Itamar Mc","VEM NO PIQUE","?",""
"7hCUHXMZknrymWCyeMx8B6","MONTAGEM RUGADA","cape, JXNDRO, Sayfalse","MONTAGEM RUGADA","?",""
"4oFXV9F1OhUZy9cEGqrGHe","HOMAGE FUNK","KIXIA, KREZUS, Mc Kaique SP","HOMAGE FUNK","?",""
"73SpzrcaHk0RQPFP73vqVR","No Time To Die","Billie Eilish","No Time To Die","?",""
"2Tf3o75XkU0IS06tYgEuvn","Lust","Marino, Alexandria","Lust","?",""
"40x5K8xyIWVmSeUrYjj0os","Lost on You","LP","Lost On You","?",""
"4aipGGtIEU1onLXdQiNFZY","Rizzstag Anthem","Chadolf Rizzler","Rizzstag Anthem","?",""
"4QhEYFii0CS4PBrdoLw9bB","Ghosts Of Reach","Michael Salvatori, Martin O'Donnell","Halo 2 Volume 1: Original Soundtrack","?",""
"5t6DaA23SVfpQnp9gLTA65","Jeopardy","Paul Lipson, Lennie Moore, Tom Salta, Brian Trifon, Brian Lee White","Halo 2 Anniversary Original Soundtrack","?",""
"24sBQCAn1FjY8Uyp60EstH","VEM SORRIR - Super Slowed","Vlxdimir","VEM SORRIR","?",""
"4gfbOWyAylCzXoUVh0VDea","Honorable Intentions","Martin O'Donnell, Michael Salvatori","Halo 3: Original Soundtrack","?",""
"4mWahKerLaVddUjb8d1Q4Q","The Man Who Sold the World - 2015 Remaster","David Bowie","The Man Who Sold the World (2015 Remaster)","?",""
"6I6Zjwlx4LSE1iojm94za1","The Man Who Sold the World - 2010 Remaster","Midge Ure","The Gift (Deluxe Version)","?",""
"0iTI5FTB9iEUtcMdx9YyZS","Stronger","TheFatRat, Slaydit, Anjulie","Stronger","?",""
"0j2T0R9dR9qdJYsB7ciXhf","Stronger","Kanye West","Graduation","?",""
"6T689Jvh5KrSXyaPtUWZtQ","Criminal","Britney Spears","Femme Fatale (Deluxe Version)","?",""
"1isfSipZWMJVSp0Zaj7Vua","4/17/1975","Rob Viktum","Progress 2","?",""
"0M8dceadOe6MecFst7pFpZ","Yes I Will","Andrew Applepie","Two Suns","?",""
"2r2vr5ujMEZN9hJzwwc6Jk","Montagem Supersonic","KHAOS, Jmilton, Mc Jajá","Montagem Supersonic","?",""
"4Hff1IjRbLGeLgFgxvHflk","DARE (feat. Shaun Ryder & Roses Gabor)","Gorillaz, Shaun Ryder, Roses Gabor","Demon Days","?",""
"0pjCsB0XNSyqM9UazlTODC","Jazz Suite No. 2: VI. Waltz 2","Dmitri Shostakovich, Russian State Symphony Orchestra, Dmitry Yablonsky","Shostakovich: Jazz Suites Nos. 1 - 2 / The Bolt / Tahiti Trot","?",""
"03iFEOix4gu82m5nX8ldzf","Libertango - Arr. for Orchestra","Nike Hutchisson, Pavel Lyubomudrov, Metamorphose String Orchestra","Piazzolla: Oblivion, Libertango (Arr. for Orchestra)","?",""
"73yXCwINoNqUBJRAgPJPsY","Fly-day Chinatown","Yasuha","TRANSIT","?",""
"7BInSwH3Ha2YMEEezQLz95","F L Y","Spectrum","Optical Sunrise/Spectrum2","?",""
"0CXAzE5aMXBvT5A1Tor2h8","Inside the Ride","Taxman","Inside the Ride","?",""
"1DetmiT385neQeo5M5PeSH","Defying Gravity","The Velvet Tones","Defying Gravity","?",""
"6xRWoYwfwIKnT8bQGzKbxR","God Is","Kanye West","JESUS IS KING","?",""
"5qEb86BCCco3iZl9A9i32Y","MONTAGEM PIXELS - Slowed","DJ MH, Mc M4","MONTAGEM PIXELS","?",""
"7mhsDo1g4jIVxVaHSqChQ5","I LOVE YOU SO JUMPSTYLE - Slowed","HUSSVRX","I LOVE YOU SO JUMPSTYLE","?",""
"37adYGaYaAWTGhBaOzX4Fh","Take A Slice","Glass Animals","How To Be A Human Being","?",""
"4QNpBfC0zvjKqPJcyqBy9W","Give Me Everything (feat. Nayer)","Pitbull, AFROJACK, Ne-Yo, Nayer","Planet Pit (Deluxe Version)","?",""
"7nn9pcjw1Vip4zvvuXJbCN","打歌妹 - RemixDJ版","娱人","打歌妹 (RemixDJ版)","?",""
"6JjPBQfI2Y8nIjnm65X6Pw","X (feat. Maluma & Ozuna) - Remix","Nicky Jam, J Balvin, Maluma, Ozuna","X (feat. Maluma & Ozuna) [Remix]","?",""
"0WSa1sucoNRcEeULlZVQXj","Can You Feel My Heart","Bring Me The Horizon","Sempiternal (Expanded Edition)","?",""
"0COqiPhxzoWICwFCS4eZcp","Bring Me To Life","Evanescence","Fallen","?",""
"7Lk83uozmGWre1q8eyOOUP","Just the Two of Us (feat. Bill Withers)","Grover Washington, Jr., Bill Withers","Love Songs","?",""
"4s6LhHAV5SEsOV0lC2tjvJ","California Dreamin' - Single Version","The Mamas & The Papas","If You Can Believe Your Eyes & Ears","?",""
"1Hv1VTm8zeOeybub15mA2R","Smooth Operator - Single Version","Sade","The Best of Sade","?",""
"43iIQbw5hx986dUEZbr3eN","From The Start","Laufey","Bewitched","?",""
"2kyVQg00pphEufGT59M2XH","(They Long To Be) Close To You","Carpenters","Close To You","?",""
"4bJygwUKrRgq1stlNXcgMg","All The Things She Said","t.A.T.u.","200 KM/H In The Wrong Lane (10th Anniversary Edition)","?",""
"2yoGVoTNpQYFretcH1z7qN","Headlock - Instrumental Slowed","Aydakar, Xoder","Headlock (Instrumental)","?",""
"6ilH5MXPqcbYKxhG5CqxmM","Kamado Tanjiro no Uta but is it okay if it's lofi?","Kijugo","Kamado Tanjiro no Uta but is it okay if it's lofi?","?",""
"7HXQv0vJfVJvMxyOEU0ePr","Blue Bird but is it okay if it's lofi?","Kijugo","Blue Bird but is it okay if it's lofi?","?",""
"3FtVNlJLb8ZHFtKDWuE9P8","Lost In Paradise but is it okay if it's lofi?","Kijugo","Lost In Paradise but is it okay if it's lofi?","?",""
"63Pi2NAx5yCgeLhCTOrEou","Headlock","Imogen Heap","Speak for Yourself (Deluxe Version)","?",""
"6NBZu27n3cxEk4y4c2Kxi8","1-800","bbno$, Ironmouse","1-800","?",""
"3sRLayspROqc62YZ0DhEdR","DOORS LIGHT FUNK - SLOWED","DJ VTTT77, DJ VYZ, Mc Rd","DOORS LIGHT FUNK","?",""
"78HO14AQvQdcyntciSHgUK","Montagem Supersonic - Slowed","KHAOS, Jmilton, Mc Jajá","Montagem Supersonic","?",""
"4sTlQPMyoFMPdhAJvErBN3","PASSO BEM SOLTO - Slowed","ATLXS","PASSO BEM SOLTO","?",""
"2HJQm4T3Pk2zvxoFhlnGjR","MONTAGEM TOMADA - Slowed","MXZI","MONTAGEM TOMADA","?",""
"7IBqHkoP94VrgYKVns4eNz","FUNK DO BOUNCE (Slowed)","Ariis","FUNK DO BOUNCE (Slowed)","?",""
"49t3uvN9hUNefdvtaD6HBj","LUNA BALA - Slowed","Yb Wasg'ood, Ariis, MC PR","LUNA BALA","?",""
"4LkkRLP8pldQer1YRrHwkx","LOS VOLTAJE","Sayfalse, Yb Wasg'ood, Ariis","LOS VOLTAJE","?",""
"7vl2AcVgTQXkVU61yWeu3T","Let's Just Live","Jeff Williams, Casey Lee Williams","Songs Part Four","?",""
"14iN3o8ptQ8cFVZTEmyQRV","I Kissed A Girl","Katy Perry","One Of The Boys","?",""
"0ePdvQb4qFBA9Ps1QZwhMu","hypnotic - super slowed","isq","hypnotic","?",""
"5EIjpM1B1VsLoKvv2iwd0P","NUNCA MUDA?","Scythermane, NXGHT!, MC Fabinho da Osk","NUNCA MUDA?","?",""
"44AyOl4qVkzS48vBsbNXaC","Can't Help Falling in Love","Elvis Presley","Blue Hawaii","?",""
"1KhrAWvLIjRlQIJtSTgvsi","Would You Go With Me","Josh Turner","Your Man","?",""
"1WzAeadSKJhqykZFbJNmQv","Your Man","Josh Turner","Your Man","?",""
"0GO8y8jQk1PkHzS31d699N","Tongue Tied","GROUPLOVE","Never Trust a Happy Song","?",""
"6PrfzZbEL1nwUkCQs6iqsA","Sunlight or Demise","Unlike Pluto","Dizzy Bezerko","?",""
"72UEZWFqAYhnKt6JeT5vzA","Lost Inside","Unlike Pluto","Ghost Gardens","?",""
"7HzvvhTmfzvD1dV4F7MIcm","SHADOW","TWICE","MORE & MORE","?",""
"2gagYYY4R8QimbnFqd96ST","SAY SOMETHING","TWICE","Eyes Wide Open","?",""
"4QhTDQlt5M2sp2DNWnVift","Assumptions - slowed down version","Sam Gellaitry","Assumptions (slowed down version)","?",""
"4NczzeHBQPPDO0B9AAmB8d","Assumptions","Sam Gellaitry","IV","?",""
"3DarAbFujv6eYNliUTyqtz","Kiss Me More (feat. SZA)","Doja Cat, SZA","Planet Her","?",""
"2VLCAIXSze1GfVYAoPg8m8","Tonight You Belong To Me x Dick - HoodTrap","meloka, rudo made it, COSKO","Tonight You Belong To Me x Dick (HoodTrap)","?",""
"0zBTGTDatvVG38txrei6R1","Let's Go Gambling x X-Slide","Kemi not a Kid","Let's Go Gambling x X-Slide","?",""
"4Xj5MMQuvNJm894lPpctOY","Insomnia!","Kemi not a Kid","Insomnia!","?",""
"22tot0Y6uKuWdAZnEQyB6g","SIU","Maretu","SIU","?",""
"16kqUisnDZz1DC789Ks1lE","aishiteitanoni","Maretu","aishiteitanoni","?",""
"3oZZyNmCnNgifxA58ipfFM","Gelmeyeceğim","Aska Özlem","Romeo Juliet","?",""
"7eMFmjxapYmdkxeT8s6UHH","Sevmeyeceğim","Yıldız Tilbe","Haberi Olsun (New version)","?",""
"23h1nz6mbWRGGy3gcGH3uy","Gelmeyeceğim","Ayşegül Aldinç","Sorma / Benden Söylemesi","?",""
"0Rmevd8pM7yKFfsLO2Z1gx","Red Dress","Unlike Pluto","Pluto Tapes: Volume 4","?",""
"13SsunHLyiFJptxnIs3OD9","Headless","Unlike Pluto","Pluto Tapes: Volume 4","?",""
"11tEtRemgISr0dfesULzuc","Who's the Dreamer","Unlike Pluto","Pluto Tapes: Volume 4","?",""
"44oWxLGmI2dOeK8yY01hz2","Slingshot","Unlike Pluto","Pluto Tapes: Volume 4","?",""
"4Rjpct5Dr3zTJUGAfbMli7","Starry","Unlike Pluto","Pluto Tapes: Volume 4","?",""
"1qYPsu410DOf7XlvlTJQw0","Smile on My Face","Unlike Pluto","Pluto Tapes: Volume 4","?",""
"7cjvRgS3IPIhw0ZL80NSzx","Now That You're Gone","Unlike Pluto","Pluto Tapes: Volume 4","?",""
"71uDlJUqVHpGj3sGUndBoS","Slaughterhouse","Unlike Pluto","Pluto Tapes: Volume 4","?",""
"3MHDgGViDXvue9J0dGlgr3","Sentimental","Unlike Pluto","Pluto Tapes: Volume 4","?",""
"5DTwkOCAYowQBa7rxhLDc4","Doomed","Unlike Pluto","Pluto Tapes: Volume 4","?",""
"6rku2XBdp9Enul9ImBxshM","My Heaven Became...","Unlike Pluto","Pluto Tapes: Volume 4","?",""
"12P16Pql1LVcggZXhs1DhH","Nekozilla","Different Heaven","Top 50 NCS","?",""
"4CkyxWtYZZxNsbdYxnh4Ft","Safe & Sound","Different Heaven","NCS: The Best of 2016","?",""
"1X7eCHIaD83s2r5i95ZXUC","My Heart","Different Heaven, EH!DE","My Heart","?",""
"02b35qI48b1RWhsFNKCb1Y","check","bbno$","check","?",""
"6DRZmJa38MaMNthwG3fCBD","two","bbno$","two","?",""
"3lIxtCaROdRDuTnNBDm3n2","She's My Collar (feat. Kali Uchis)","Gorillaz, Kali Uchis","Humanz (Deluxe)","?",""
"0O45fw2L5vsWpdsOdXwNAR","SexyBack (feat. Timbaland)","Justin Timberlake, Timbaland","FutureSex/LoveSounds","?",""
"3lPr8ghNDBLc2uZovNyLs9","Supermassive Black Hole","Muse","Black Holes and Revelations","?",""
"4A2vjMnkAWgPVqwl3Xc7pu","Bubble Pop Electric","Gwen Stefani, Johnny Vulture","Love. Angel. Music. Baby.","?",""
"4LpUpiYoZ2M3Z1kmhn4EQo","Still Beating","Mac DeMarco","This Old Dog","?",""
"2AlPvpsWlG7dEfhfNf9qJR","Dünyanın Sonuna Doğmuşum","maNga","Şehr-i Hüzün","?",""
"7H7NyZ3G075GqPx2evsfeb","Chamber Of Reflection","Mac DeMarco","Salad Days","?",""
"3z11aKXKMHll56LO6iNI6A","Far From Lies","Unclekamo","Now Or Never","?",""
"5xhW88d2XKV1GZZNPjB8Lx","Loud","Unclekamo","Bedroom Stories","?",""
"2W1jbKwZLDUGtQpqDLosSK","Yangın Var","Aydilge","Yangın Var","?",""
"3znIACSXPLn3HFCf7moZ28","It's Going Down Now","Azumi Takahashi, Lotus Juice, ATLUS Sound Team, ATLUS GAME MUSIC","Persona 3 Reload Original Soundtrack","?",""
"32OlwWuMpZ6b0aN2RZOeMS","Uptown Funk (feat. Bruno Mars)","Mark Ronson, Bruno Mars","Uptown Special","?",""
"2DkKddV2e952EAteyuV0wP","Love For You","LOVELI LORI, ovg!","Love For You","?",""
"4JwReuZYVaDOY8jT7BjQp2","chess","joyful","chess","?",""
"7FIWs0pqAYbP91WWM0vlTQ","Godzilla (feat. Juice WRLD)","Eminem, Juice WRLD","Music To Be Murdered By","?",""
"54ipXppHLA8U4yqpOFTUhr","Bones","Imagine Dragons","Mercury - Acts 1 & 2","?",""
"6FfLg6FFqhCsrFOaHIGkg0","Honeypie","JAWNY","For Abby","?",""
"1golLrmqyxDWedF7YUHCOD","edamame","bbno$, Rich Brian","eat ya veggies","?",""
"1or7sIRl5bT61joaSRxhbT","Ben Olmalıydım","Gülden Karaböcek","Duyarmısın Feryadımı (Gülden Karaböcek Altın Klasikleri)","?",""
"4ObQ5sbaP5PDCSfv1y6RdT","Ben Sarhoş Oldum","Kamuran Akkor","Sev Yeter","?",""
"1yM52Bl72mXkklrUrXJ84F","Bu Gece Karakolluk Olabilirim","Azer Bülbül","Duygularım","?",""
"6wW7ZgvYwgOKCRLeqYEM6y","Ara Beni Lütfen","Kenan Doğulu","Festival","?",""
"0SuQMjb2TleiKg1ebQSDnX","ERE","juan karlos","ERE","?",""
"60PAzFNW3vAiAiVK6DRJfB","Day 'N' Nite (Nightmare)","Kid Cudi","Man On The Moon: The End Of Day (Int'l Version)","?",""
"2UUwBDALzJuThY88Ro2lD2","フォニイ","Kafu, ツミキ","KAF+YOU KAFU COMPILATION ALBUM シンメトリー","?",""
"5V4zknk2QUAwda8QUWlEMT","Mesmerizer - Official English Version","32ki, Will Stetson, Rachie","Mesmerizer (Official English Version)","?",""
"5ic62hKqeDhZsa9l6YQxzJ","メズマライザー (feat. 初音ミク&重音テト)","32ki, Hatsune Miku, 重音テト","メズマライザー","?",""
"4jbz6Ab49pUqFbZcSslx66","Demon Lord","Kanaria","Demon Lord","?",""
"2Ldlfe1pthWh1Nrpf5dnQk","White Happy","Maretu","SIU","?",""
"4ywmyUAQ0WAdNHXpoWWqfv","Day 'n' Nite","Kid Cudi","Watch Dogs (Music from the Video Game) [Original Game Soundtrack]","?",""
"2A17TySL9lcoRTA28w9yfB","La La La (Brazil 2014) (feat. Carlinhos Brown)","Shakira, Carlinhos Brown","The 2014 FIFA World Cup Official Album: One Love, One Rhythm","?",""
"3R5amCg35jxp6HhkVUltel","Du bist alles","Woods of Birnam","Babylon Berlin (Original Television Soundtrack, Vol. II)","?",""
"45ghY6i6XTeHuOEtG1HwrQ","Keep On Running - Remastered 2010","The Spencer Davis Group","Revolutions: The Very Best Of Steve Winwood (Deluxe)","?",""
"6RRNNciQGZEXnqk8SQ9yv5","You Need To Calm Down","Taylor Swift","Lover","?",""
"7uzmGiiJyRfuViKKK3lVmR","Mine","Bazzi","COSMIC","?",""
"6hyAHSZHku6qq8FKolMUdI","Mirrors","Natalia Kills","Perfectionist","?",""
"2En6kxGCjZxXmKJ1IYu4Fp","You Gotta Move","Mississippi Fred McDowell","You Gotta Move","?",""
"6ZMO0DmZytEvD8D0dwDHhm","evil","camila, evil","evil","?",""
"6D7VlXRBYVUhSnbOJLNjvH","LIFE","Neuro-sama","LIFE","?",""
"4DpNNXFMMxQEKl7r0ykkWA","Play Date","Melanie Martinez","Cry Baby (Deluxe Edition)","?",""
"6UW10CbMTvqciT3X3Ldeox","EVIL","Melanie Martinez","PORTALS","?",""
"4zAy3I7Amhup6JeDLFkKhH","Bak","Pilli Bebek","Olsun","?",""
"1N8TTK1Uoy7UvQNUazfUt5","SPIT IN MY FACE!","ThxSoMch","SPIT IN MY FACE!","?",""
"35DydwQwb4AIXJoghOoPcr","Reminiscence Reincarnation","MYTH & ROID","Future is Mine","?",""
"7fkt7VMk5B3O0iY5yp4ZeX","HYDRA","MYTH & ROID","TVアニメ「オーバーロードⅡ」エンディングテーマ「HYDRA」","?",""
"44MCNFwV5AuEpm7iaTLTCA","L.L.L.","MYTH & ROID","eYe's","?",""
"61jz3LFcAXLKU0i2JFXaSe","VORACITY","MYTH & ROID","TVアニメ「オーバーロードⅢ」オープニングテーマ「VORACITY」","?",""
"3CrYQaVrFUppSElxRwNHJK","Paradisus-Paradoxum","MYTH & ROID","eYe's","?",""
"2tcSz3bcJqriPg9vetvJLs","STYX HELIX","MYTH & ROID","eYe's","?",""
"5ULPf6SjZSQkWCNSUn29xO","Stay Alive","エミリア(CV:高橋李依), Re:ZERO Music","TVアニメ「Re:ゼロから始める異世界生活」後期エンディングテーマ「Stay Alive」","?",""
"5f6JnxY2aqNdF3qFIPozUd","GRRRLS","AViVA","VOLUME I","?",""
"0nKZeSrqH9u31NLoTUsYBR","You Don't Know","Eminem, 50 Cent, Ca$his, Lloyd Banks","Eminem Presents The Re-Up","?",""
"2fyIS6GXMgUcSv4oejx63f","Mardy Bum","Arctic Monkeys","Whatever People Say I Am, That's What I'm Not","?",""
"1KixkQVDUHggZMU9dUobgm","My Head & My Heart","Ava Max","Heaven & Hell","?",""
"5curElosxW640RBqGyaVWx","Reaching Out","NERO","Welcome Reality","?",""
"0GjEhVFGZW8afUYGChu3Rr","Dancing Queen","ABBA","Arrival","?",""
"6kEpjptnAwt11Atr4cEMe1","All Good Things (Come To An End)","Nelly Furtado","Loose","?",""
"7ubd6wvhN4TKMwQUy6hR69","Ladyfingers","Herb Alpert & The Tijuana Brass","Whipped Cream & Other Delights","?",""
"4mB6PcHf0Wxsad1s7JQxH1","Trenches","Vosai, Neoni","Trenches","?",""
"0yqrhHrcWLMjBylHReDN5u","Legends Are Made","Sam Tinnesz","Babel","?",""
"4QRCdMTZegDH27rOUbOEFY","clavar la espada","Shiro SAGISU","TV Animation BLEACH Original Soundtrack 3","?",""
"7gSQv1OHpkIoAdUiRLdmI6","I Won't Back Down","Tom Petty","Full Moon Fever","?",""
"1FHOlQ7nFmGS8ArzkTANsg","The Prayer","the prayer ken","The Prayer","?",""
"1ckhUtD8nBH2ShPlU8w2nU","ALL MY FELLAS","Frizk","ALL MY FELLAS","?",""
"2W3ZpQg9i6lE6kmHbcdu9N","Cracker Island (feat. Thundercat)","Gorillaz, Thundercat","Cracker Island (feat. Thundercat)","?",""
"0GfO5Of8NOwzTRUAPRtSlg","Rockefeller Street (Nightcore)","Caleb Hyles","Rockefeller Street (Nightcore)","?",""
"0dbybPXiFqc3XBcNmrqiMA","oyasumi","Shiggy Jr.","LISTEN TO THE MUSIC","?",""
"4Pxm8GR4lQT1WnhvN2qNvx","void - super slowed","isq","void","?",""
"3sXxigp52c40wdiAsDKFTX","krazy! - Slowed","ARXMANE","krazy!","?",""
"5WzBEgMNiEx36puG77nWhF","NEW Jeans ((Jiandro x Dxrkaii) [Jersey Remix SLOWED]","Bass Boosted King","NEW Jeans ((Jiandro x Dxrkaii) [Jersey Remix SLOWED]","?",""
"2yhpa4tgc5SeM6ErBm26fK","They Don't Care About Us","Saliva","Love, Lies & Therapy","?",""
"0KKkJNfGyhkQ5aFogxQAPU","That's What I Like","Bruno Mars","24K Magic","?",""
"3w3y8KPTfNeOKPiqUTakBh","Locked out of Heaven","Bruno Mars","Unorthodox Jukebox","?",""
"5JxgI7cXZC2Q2orginGfdt","Prayer","KATANAZ","Real","?",""
"5MI3uYJaFv65yRfpbbXMVy","Gymnopedies","Paul Brooks","Chilled Classics","?",""
"5PldHs83FjoH0kyTZw75yI","Scissorhands","Trekkrrholymountain, Weeping Wi11ow","Scissorhands","?",""
"4e6ZN0EcEqYx74BTC5xQzy","The Man","Aloe Blacc","Lift Your Spirit","?",""
"6rS6NCFBE623tzvJNr7tkF","Novak Djokovic(freestyle)","Nassy","Novak Djokovic(freestyle)","?",""
"6GwdfiUA3p0zyXpP7LelL5","Pumpfake","Sadfriendd, Towa","Pumpfake","?",""
"7blPTWQs7UGmRzk42XOZTx","Waiting for Something","Unclekamo","Waiting for Something","?",""
"7FYOAvb72KIVFO7l993ADO","The Cup","Dave Blunts","Well Dude Here's My Thing","?",""
"0BEbTKFt8V6XiR9W70z26Q","Walking Dead","Lewis Dezo","U.F.O. Muzik ( Underground Fatal Offensive )","?",""
"2AtkrO53ZZv0ObfZUrYExo","I WILL ALWAYS SERVE U (SPED UP)","SkinnyBoi Cj","I WILL ALWAYS SERVE U (SPED UP)","?",""
"6mHDxLY1N6rGTKXpOsMgyz","demonio fleur","auxmit☆","demonio fleur","?",""
"3hjOFr475AyQ7qgIFGJhFL","Break Dat Bih","MurdaBlvd713","Break Dat Bih","?",""
"3iRoXGFrF8O0jTul6LAmus","Under Your Spell","Snow Strippers","April Mixtape 3","?",""
"10LxdZ4qKQqEhWxC4PHmm6","Impulsive Thoughts (Sped Up)","Scottdell","Impulsive Thoughts","?",""
"3AJwUDP919kvQ9QcozQPxg","Yellow","Coldplay","Parachutes","?",""
"2plbrEY59IikOBgBGLjaoe","Die With A Smile","Lady Gaga, Bruno Mars","Die With A Smile","?",""
"3Z76wlnpAIUy8SEuBpsmi7","Never Meant to Know","Tally Hall","Good & Evil","?",""
"4pIeWuhm9AiEiEjAnc04GK","Deniz Üstü Köpürür","Kerim Yağcı","Gönülden","?",""
"5TtY8DnjYFbJrnG6SMtlz1","Fikrimin İnce Gülü","Sema Moritz","Ekho (Efsane Hanımlar)","?",""
"4XjesUNn3B0dlxp5P3rZ0E","Witch Hunt","Azari","Witch Hunt","?",""
"1K45maA9jDR1kBRpojtPmO","Attack of the Killer Queen","Toby Fox, Lena Raine, Marcy Nabors","DELTARUNE Chapter 2 (Original Game Soundtrack)","?",""
"7bdYRcduoQfyy63Zt5vBZR","Comatose Scenery","Unlike Pluto","Comatose Scenery","?",""
"424DkevE18QJazwlljiTD4","Le Monde - From Talk to Me","Richard Carter","Talk to Me (Original Soundtrack)","?",""
"3LDkLpuxQlEuEiZmkxpr8S","Far From Any Road","The Handsome Family","Singing Bones","?",""
"5WArUiiU96KBPK1eFkp8pM","Geleceği Yok","Fahrettin Karaardıç","İsyanlardayım","?",""
"4VL5XwfATZuAVTW471Wpro","FUNKED UP - SLOWED","xxanteria, isq","FUNKED UP","?",""
"4AQ4qwzAWVup8HS9Q6jQ1B","Bleed Me Dry","Unlike Pluto","Bleed Me Dry","?",""
"51EpFns3CG9taCMQz6XDom","INVISIBLE","Duran Duran","FUTURE PAST","?",""
"1Q9b6CeMcDuO0uq5OJCrqu","Move Bitch","Ludacris, Mystikal, I-20","Word Of Mouf","?",""
"0oqGOquWZitJzwxRRZK245","Armed and Ready","Jeff Williams, Casey Lee Williams","Songs Part Four","?",""
"3EyIwqV3VIypP1q8AUKFXw","Die","Jeff Williams, Casey Lee Williams","Songs Part Two","?",""
"7q1zeQhvUJxkYnEOulSGxf","I Burn","Jeff Williams, Casey Lee Williams, Lamar Hall","Songs Part One","?",""
"6h9BqyYaqBHXn6jshAoNm4","Red Like Roses, Pt. 2","Jeff Williams, Casey Lee Williams, Sandy Casey","Songs Part One","?",""
"4jdpkoZR2tUT4m4UTEUuvK","Tiryakinim","Bayhan","Tiryakinim","?",""
"2EoOZnxNgtmZaD8uUmz2nD","Black Hole Sun","Soundgarden","Superunknown (Deluxe Edition)","?",""
"7uJvH1U5rhQBEwJILAyA3D","Write This Down (feat. Nieve)","SoulChef","Escapism","?",""
"4imfe6DeUeqtUpKqS851mO","The Night Window (From ""1917"" Soundtrack)","Thomas Newman","1917 (Original Motion Picture Soundtrack)","?",""
"6TsRPIdwASJBXanGhftVjc","1917 (From ""1917"" Soundtrack)","Thomas Newman","1917 (Original Motion Picture Soundtrack)","?",""
"2ngmQn1mIoYD0BFBytxC8p","Diamonds In The Deep","ThnxCya","Diamonds In The Deep","?",""
"2DOAJh50Pa1UNoqGt7dTA9","Take Back the Night","Tryhardninja","In Real Life","?",""
"4LwU4Vp6od3Sb08CsP99GC","The Next Episode","Dr. Dre, Snoop Dogg","2001","?",""
"6ndmKwWqMozN2tcZqzCX4K","Remember the Name (feat. Styles of Beyond)","Fort Minor, Styles Of Beyond","The Rising Tied","?",""
"34dx8DACTJsc3rsJdaEIQw","Papaoutai","Stromae","racine carrée","?",""
"7g3HQ4npoO3Zrp9Zia0J0E","Ego - Radio Edit","Willy William","Une seule vie","?",""
"76Y07hjDi7fjJnZKsQbEaF","Beautiful Liar","Beyoncé, Shakira","B'Day Deluxe Edition","?",""
"423EcxblW9F4nnQkqcqMlK","Deja Vu (feat. JAY-Z)","Beyoncé, JAŸ-Z","B'Day Deluxe Edition","?",""
"4u1JdEq8JcBZipQUs6tih7","Hips Don't Lie - Bamboo (feat. Wyclef Jean)","Shakira, Wyclef Jean","Hips Don't Lie - Bamboo (feat. Wyclef Jean)","?",""
"18d3GWbgxMhnHhdoj8JKIK","Gelmeyeceğim","Aska Özlem","Romeo Juliet","?",""
"28SzfgGLTZlA7XNKEVbgHJ","Ayrılık","Murat Kekilli","Avara","?",""
"6bl4EJNNCRds62RH8XqtzU","Can Bedenden Çıkmayınca","Barış Manço","Mançoloji, Vol. 1","?",""
"0Kq3o6SxyRugsrOOhq2hsF","Kalp Kalbe Karşı","Aslı Güngör","Aslı Güngör","?",""
"0H3uPE3fSb2Grir2OMDEZS","Alev Alev","Feridun Düzağaç","Orjinal Alt Yazılı","?",""
"4USeuNM4Y1TnR9y61gazT8","Gözlerin - Yalancı Yarim","Barış Akarsu","Düşmeden Bulutlarda Koşmam Gerek","?",""
"7LjTwWZVGyhqOKXlK4QiEm","Islak Islak","Barış Akarsu","Islak Islak","?",""
"6XEHgpBqiWrmVZDCmrOpZ9","Kibir","Redd","Kibir","?",""
"1v0KWJu3cWyDklfnlzPlig","Nefes Bile Almadan","Redd","Plastik Çiçekler ve Böcek (Akustik)","?",""
"0bmOtuxxfDLyhbGjqEWts5","Atabarı","Destan","Destan","?",""
"2hMng3Va9y65zNzKefarHh","Mortal Reminder","Pentakill, Jorn","II: Grasp of the Undying","?",""
"3vFZheR74pxUkzxqhXTZ2X","Ruler of Everything","Tally Hall","Marvin's Marvelous Mechanical Museum","?",""
"1mlVyUIqGTEkJy8sB5VchH","Hot Mess","Friday Pilots Club","Hot Mess","?",""
"027vx3TVLFM1pIWDQFTfnY","Aynalı Kemer","Barış Manço","Mançoloji, Vol. 1","?",""
"3HZdaypjdSLKXILGlSRg8m","Sarı Çizmeli Mehmet Ağa","Barış Manço","Mançoloji, Vol. 1","?",""
"0lrfWTxWwdZWWtJsXXL31z","Hal Hal","Barış Manço","Hal Hal","?",""
"18QkbQZgychVvaKN4BVsGL","Anlıyorsun Değil Mi","Barış Manço","Sarı Çizmeli Mehmet Ağa","?",""
"2RlycVErqU1qskIA2lbX8a","Alla Beni Pulla Beni","Barış Manço","Mançoloji 2","?",""
"21yw08HRAH2A7XAse3huYT","GOD MODE!","SXMPRA, Dozy Doe","GOD MODE!","?",""
"2PpnQbfs0R2GcCOOqQCqF7","OMINOUS","Dozy Doe, XZARKHAN","OMINOUS","?",""
"3yfqSUWxFvZELEM4PmlwIR","The Real Slim Shady","Eminem","The Marshall Mathers LP","?",""
"3kXoKlD84c6OmIcOLfrfEs","September","Earth, Wind & Fire","September (sped up + slowed)","?",""
"1TfqLAPs4K3s2rJMoCokcS","Sweet Dreams (Are Made of This) - 2005 Remaster","Eurythmics, Annie Lennox, Dave Stewart","Sweet Dreams (Are Made Of This)","?",""
"1CDQzbCz4KSQxHe7LMEgRM","Houdini","Eminem","The Death of Slim Shady (Coup De Grâce)","?",""
"62bOmKYxYg7dhrC6gH9vFn","Bye Bye Bye","*NSYNC","No Strings Attached","?",""
"7EAMXbLcL0qXmciM5SwMh2","Heart To Heart","Mac DeMarco","Here Comes The Cowboy","?",""
"58ge6dfP91o9oXMzq3XkIS","505","Arctic Monkeys","Favourite Worst Nightmare (Standard Version)","?",""
"0sTlGEld0h8kIPZaKDYUf4","Notion","The Rare Occasions","Notion","?",""
"7H0ya83CMmgFcOhw0UB6ow","Space Song","Beach House","Depression Cherry","?",""
"7EkWXAI1wn8Ii883ecd9xr","Freaks","Surf Curse","Freaks","?",""
"6ujXniXS1XhMvBboH604FN","Clouds","Paper Idol","Clouds","?",""
"3a6PN6BRB8PP3ms48s7kU1","Empire Ants (feat. Little Dragon)","Gorillaz, Little Dragon","Plastic Beach","?",""
"69V5p9WUxLCGHb3BXoYcmi","Stay And Decay","Unlike Pluto","Stay And Decay","?",""
"1RF4XYB1lcGmOliIfqjmJi","Better Off Dead","8 Graves","Red","?",""
"71fRQ8qijUz5fWT8uFydwV","Devil's Trill Sonata","Giuseppe Tartini, Fritz Kreisler, Yoon Soyoung, Eliane Reyes","Queen Elisabeth Competition : Violin 2009","?",""
"363LVCWmC8oafSBJXsJgB7","Coriolan, Op. 62: Coriolan Overture, Op. 62","Ludwig van Beethoven, Berliner Philharmoniker, Herbert von Karajan","Beethoven: Triple Concerto; Overtures","?",""
"4gaWbVsdmvsNHktWWg9qcq","Romeo and Juliet, Op. 64: No. 13 Dance of the Knights","Sergei Prokofiev, Orchestra of the Royal Opera House, Covent Garden, Mark Ermler","I don't like classical music, but I really like this!","?",""
"1cd7Pft3rfZ0hmaOLI0EDB","Valse sentimentale, Op. 51, No. 6","Pyotr Ilyich Tchaikovsky, Josef Sakonov, London Festival Orchestra","Tchaikovsky For The Road","?",""
"66EQLGUGxCKXzuLj1Zkt1E","The Carnival of the Animals, R. 125: VII. Aquarium","Camille Saint-Saëns, Isata Kanneh-Mason, Konya Kanneh-Mason, Braimah Kanneh-Mason, Ayla Sahin, Timothy Ridout, Sheku Kanneh-Mason, Adam Walker, Alasdair Malloy","Saint-Saëns: Carnival of the Animals: Aquarium","?",""
"1UvaZaHkh3D9AkmBrrnbFg","Lacrimosa","Wolfgang Amadeus Mozart, Lisa Beckley, Elena Filipova, Magdaléna Hajóssyová, Peter Mikulas, Michel Piquemal, Gloria Scalchi, Michel Piquemal Vocal Ensemble, Hungarian State Opera Chorus, Oxford Schola Cantorum","Requiem - Music To Die For","?",""
"4WJ7UMD4i6DOPzyXU5pZSz","Danse macabre","Camille Saint-Saëns, Slovak Radio Symphony Orchestra, Keith Clark","French Festival","?",""
"1YR19v5F9iZidRL9pJMtzJ","Swan Lake, Op. 20, Act II No. 10: Scène. Moderato","Pyotr Ilyich Tchaikovsky, James Ehnes, Bergen Philharmonic Orchestra, Neeme Järvi","Tchaikovsky: Swan Lake, Op. 20 (Complete)","?",""
"75IN3CtuZwTHTnZvYM4qnJ","My Name Is","Eminem","The Slim Shady LP","?",""
"7ks6AZmFcm3Y6PGGxGSmlB","Where Them Girls At (feat. Nicki Minaj & Flo Rida)","David Guetta, Flo Rida, Nicki Minaj","Nothing but the Beat (Ultimate Edition)","?",""
"3grVoZ10bm2jUGpo7BxpuF","DEAD RIGHT NOW","Lil Nas X","MONTERO","?",""
"1SC5rEoYDGUK4NfG82494W","MONTERO (Call Me By Your Name)","Lil Nas X","MONTERO","?",""
"07oO1U722crtVcavi6frX6","Double Life - From ""Despicable Me 4""","Pharrell Williams","Double Life (From ""Despicable Me 4"")","?",""
"73MWNenV7mQGUdXB8npY4H","The Fine Print","The Stupendium","The Fine Print (The Outer Worlds Song)","?",""
"2A7qdr3UNP9Pxjcxa5Jj53","Ride of the Valkyries","Richard Wagner, London Symphony Orchestra, Yondani Butt","Wagner: Works for Orchestra","?",""
"0BWJNm4TrO6H3qgiCmDBjM","Toccata and Fugue in D minor","Johann Sebastian Bach, William McVicker","Great Organ Classics","?",""
"2yIXrjvC2kwOJihkzsRw0G","Paganini Caprice no. 5","Neil Black","Violín Fantástico, Vol. 2","?",""
"3lW5j4AqazRxwdVaz4svpZ","Dance Of The Knights","Sergei Prokofiev","The Sheffield / A2TB Test Disc - ""My Disc""","?",""
"0sipsjZJzolZRNKrn1eS2E","Go Cat Go","Martin Landström","Saccharine Springs","?",""
"2jFPmkkh9ofxT5PrM4Prbh","Oh What A Whirl","Jules Gaia","Tuppence","?",""
"5nN4lre9JfmTT3GZEG8qFA","Our Sad Regrets","Cobby Costa","Filicide","?",""
"3XsTSWjDondcoVAZsgy2zq","Back on Trail","Elliot Holmes","The Engine Room","?",""
"60R4kFDWMOI3yMnmccfeg7","Goosebumps","JP The 3rd.","Black Cat","?",""
"7rnDn1P1VBqPS0rVvfMYw7","Low of Solipsism","Yoshihisa Hirano","DEATH NOTE Original Soundtrack","?",""
"5njU3slXxJX8Fb4kRfFUxm","Kyrie","Yoshihisa Hirano","DEATH NOTE Original Soundtrack","?",""
"5F0QoU4XCrdNlDdru6Gf6m","Ginpatsu no Shonen","Yoshihisa Hirano","HUNTER x HUNTER Original Soundtrack","?",""
"3qwH6U7aDLebQijfmalwvw","Kingdom of Predators","Yoshihisa Hirano","HUNTER x HUNTER Original Soundtrack 3","?",""
"77zojCpdYn6CvCYh9FeXMj","Ansatsu Ikka no Yakata","Yoshihisa Hirano","HUNTER x HUNTER Original Soundtrack 2","?",""
"7w4vDANlj1P5aitwEKYBWg","Kijutsushi no Baire","Yoshihisa Hirano","HUNTER x HUNTER Original Soundtrack","?",""
"2fP6LEkHgDGsZ20048ng3u","All I Need Is MONEY!","Yoshihisa Hirano","HUNTER x HUNTER Original Soundtrack","?",""
"3sNVsP50132BTNlImLx70i","Bound 2","Kanye West","Yeezus","?",""
"71SvEDmsOwIWw1IozsZoMA","Any Way You Want It","Journey","Departure","?",""
"49X0LAl6faAusYq02PRAY6","Lady - Hear Me Tonight","Modjo","Modjo (Remastered)","?",""
"2HYFX63wP3otVIvopRS99Z","Houdini","Eminem","Houdini","?",""
"4j29JKO2fFyxWFC384vMup","Worst in Me","Unlike Pluto","Worst in Me","?",""
"1jDJFeK9x3OZboIAHsY9k2","I'm Still Standing","Elton John","Too Low For Zero","?",""
"2fGyXIpfc6tnsMZ77Z0me5","Beethoven: Symphony No. 7 in A Major, Op. 92: II. Allegretto","Ludwig van Beethoven, London Classical Players, Sir Roger Norrington","Beethoven: Symphonies & Concertos","?",""
"2oLjhx7w8Hyd3gry9cCXr7","21 Hungarian Dances, WoO 1: Hungarian Dance No. 5 in G Minor. Allegro (Orch. Schmeling)","Johannes Brahms, Wiener Philharmoniker, Claudio Abbado","Brahms: 21 Hungarian Dances","?",""
"0kIytNWzUjoaVI07PjLt68","Adagietto","Arash Safaian, Sebastian Knauer","This Is (Not) Beethoven","?",""
"1Hq8Boco46dz9df19hVtUN","Soul of Cinder","Yuka Kitamura","Soul of Cinder","?",""
"2tudvzsrR56uom6smgOcSf","Like That","Future, Metro Boomin, Kendrick Lamar","WE DON'T TRUST YOU","?",""
"6AI3ezQ4o3HUoP6Dhudph3","Not Like Us","Kendrick Lamar","Not Like Us","?",""
"5wViaajeHHPZlEjBY9nhU3","...Baby One More Time (from Kung Fu Panda 4)","Tenacious D","Kung Fu Panda 4 (Original Motion Picture Soundtrack)","?",""
"5FMXrphygZ4z3gVDHGWxgl","Copacabana (At the Copa) - Short Version","Barry Manilow","Dance Vault Mixes - Copacabana (At The Copa)","?",""
"6ihzpb4wOYkZut6iEC1MHE","Bombs Away","Shotgun Willy","Bombs Away","?",""
"7KA4W4McWYRpgf0fWsJZWB","See You Again (feat. Kali Uchis)","Tyler, The Creator, Kali Uchis","Flower Boy","?",""
"3DK6m7It6Pw857FcQftMds","Runaway","Kanye West, Pusha T","My Beautiful Dark Twisted Fantasy","?",""
"6fNhZRFEkBfgW39W3wKARJ","Pompeii","Bastille","Bad Blood","?",""
"2qOm7ukLyHUXWyR4ZWLwxA","It Was A Good Day","Ice Cube","The Predator","?",""
"7AODNxFNPnKaz4hURLzw5l","Ladbroke Grove","AJ Tracey","AJ Tracey","?",""
"6tHwJ9YDzDsWfZAqfcBKWC","Dönence","Barış Manço","Hal Hal","?",""
"7mjio4U2J4q19ArbF9jI58","Fighting Gold","Coda","Fighting Gold","?",""
"5QHdyAGpbAttv1Wco7bI35","Nobody Likes The Opening Band","I DONT KNOW HOW BUT THEY FOUND ME","RAZZMATAZZ","?",""
"4dTM35eH5nmPRZcQ2ltlKr","Mad IQs","I DONT KNOW HOW BUT THEY FOUND ME","RAZZMATAZZ","?",""
"2efgLfjfCTgr5Y0LFSkrlP","お手上げサイキクス","Shiggy Jr.","お手上げサイキクス","?",""
"3DGKXLtVjawKFweymvHn84","키스는 다음에","LOONA","YeoJin","?",""
"1ry2mTVmAJHbNLzl5qww5v","So What","LOONA","[#]","?",""
"1t1RdZblP5OwfCN4OdTlse","The Legacy - 2015 Remaster","Iron Maiden","A Matter of Life and Death (2015 Remaster)","?",""
"7C6K5CQkYOqCS1qcmGUQfV","Empire of the Clouds","Iron Maiden","The Book of Souls","?",""
"469rBLYJUZHMJLtq2Wch3h","Hallowed Be Thy Name - 2015 Remaster","Iron Maiden","The Number of the Beast (2015 Remaster)","?",""
"7hrW22GLqFLwQOfQYLEw6q","The Last Battle","Sabaton","The Last Stand","?",""
"4HVuyLPE90zk19NYv55dzX","Winged Hussars","Sabaton","The Last Stand","?",""
"2xsZ47v4C79r1OE4gv2l3f","No Bullets Fly","Sabaton","Heroes","?",""
"4EMAaWwu2zXTkXIA6YPKkt","Hi High","LOONA","[X X]","?",""
"69uxyAqqPIsUyTO8txoP2M","Adventure of a Lifetime","Coldplay","A Head Full of Dreams","?",""
"355nQhlJ37CswXP54GZAz9","HOLLOW HUNGER","OxT","OPEING THEME FROM TV SERIES ”OVERLORD IV”","?",""
"3d3daBk3HYupo4j1QIp0yx","GRAYSCALE DOMINATOR","OxT","OPENING THEME FROM TV SERIES ”THE EMINENCE IN SHADOW” 2ND SEASON","?",""
"1ocxu4f7ZOjOcwAbqQ8l1T","HIGHEST","OxT","OPENING THEME FROM TV SERIES ”THE EMINENCE IN SHADOW”","?",""
"6SSC9KZQaxBdyipKRigrFC","Heart Attack (츄)","LOONA","Chuu","?",""
"6mtjo5kIHKlboGE84lf1FJ","Need It","Migos, YoungBoy Never Broke Again","Need It","?",""
"5JJ8xQwQxcEjboXhSefeDa","Friend","Jeff Williams, Casey Lee Williams","RWBY, Vol. 8 (Music from the Rooster Teeth Series)","?",""
"4z4QiUlaetPCCW1qvrkLkR","The Sky Is Falling","Jeff Williams, Casey Lee Williams, Lamar Hall","RWBY, Vol. 8 (Music from the Rooster Teeth Series)","?",""
"5qq713AYEAg4yUx0Jhqkr9","War","Jeff Williams, Casey Lee Williams, Adrienne Cowan, Erin Reilly, Dawn M. Bennett","RWBY, Vol. 7 (Music from the Rooster Teeth Series)","?",""
"1xkIbJnvKG7ws9bdYJ4E8r","Celebrate","Jeff Williams, Casey Lee Williams, Santi C, Lamar Hall","RWBY, Vol. 7 (Music from the Rooster Teeth Series)","?",""
"0lo2FiqF9rhKnj4R5MNMCP","Trust Love","Jeff Williams, Casey Lee Williams","RWBY, Vol. 7 (Music from the Rooster Teeth Series)","?",""
"3cKk3AktWTF4i35NSHfWvK","All That Matters","Jeff Williams, Casey Lee Williams","Rwby, Vol. 5 (Music from the Rooster Teeth Series)","?",""
"1gqpS3TYwagGBSYIjrhtws","The Triumph","Jeff Williams, Casey Lee Williams","Rwby, Vol. 5 (Music from the Rooster Teeth Series)","?",""
"0Ms10kqOrykWDF3PKe8FpY","Boop (Acoustic) [feat. Casey Lee Williams & Videri String Quartet]","Jeff Williams, Casey Lee Williams, Videri String Quartet","RWBY, Vol. 4 (Music from the Rooster Teeth Series)","?",""
"61lvHdzuzlptwbmKXhXz1W","Home (feat. Casey Lee Williams)","Jeff Williams, Casey Lee Williams","RWBY, Vol. 4 (Music from the Rooster Teeth Series)","?",""
"0K1hSTYFjASMMxmrYrFAgo","Cold (feat. Casey Lee Williams)","Jeff Williams, Casey Lee Williams","RWBY, Vol. 3 (Music from the Rooster Teeth Series)","?",""
"2u5hPf2celm6keSlnm15RM","Not Fall in Love with You","Jeff Williams","RWBY, Vol. 3 (Music from the Rooster Teeth Series)","?",""
"6TMqFaM2S3Dzyt2tGvJkPP","When It Falls (feat. Casey Lee Williams)","Jeff Williams, Casey Lee Williams","RWBY, Vol. 3 (Music from the Rooster Teeth Series)","?",""
"7M0BH0SwQQjD1fVnv4IVg9","Boop","Jeff Williams, Casey Lee Williams","RWBY, Vol. 2 (Music from the Rooster Teeth Series)","?",""
"7iV4uUAKog0r7AZIZhiqIW","Dream Come True","Jeff Williams, Casey Lee Williams","RWBY, Vol. 2 (Music from the Rooster Teeth Series)","?",""
"7lAAc1K0cHtmxWRksluu8x","Gold (feat. Casey Lee Williams)","Jeff Williams, Casey Lee Williams","RWBY, Vol. 1 (Music from the Rooster Teeth Series)","?",""
"72NIHSQyVm1cf5kBBMTAIe","Ignite","Jeff Williams, Casey Lee Williams, Lamar Hall","Rwby, Vol. 5 (Music from the Rooster Teeth Series)","?",""
"65NV3Edii9qi3WFs604gbV","Hal Hal","Barış Manço","Mançoloji, Vol. 1","?",""
"0KfwsodIzlRNfjDcMMd5UP","Gül Pembe","Barış Manço","Mançoloji, Vol. 1","?",""
"0n5tIaZurJ06Wp6ZpzP9mr","Notre Maison","Barış Manço","Notre Maison","?",""
"0aeIaTzLHiCjzDiElho21T","Ay Yüzlüm","Kemal Sunal","Kemal Sunal'dan Türküler","?",""
"4CSXPeIeqAI5BM4fS1iOhp","Gurbet","Kemal Sunal","Kemal Sunal'dan Türküler","?",""
"0enmHQEf2I3lpITQwiDq1p","Lambaya Püf De","Barış Manço","7'den Sonsuza Barış Manço Set","?",""
"1ji3cJU0sobtsiNEZRvNVz","Bad example","takayan","2019 - 2021","?",""
"3zjjzKg16tczCMwckGKGuH","Happy Pills","Weathers","Happy Pills","?",""
"7DcJ6fEBb7BaKuYKTwiDxK","Homage","Mild High Club","Skiptracing","?",""
"3aASa5xrO4XT3uQxjT6NLW","Lose My Mind in Hysteria Slowed","FakeFast","Lose My Mind in Hysteria Slowed","?",""
"1TdPUDhPsDBZD8Lh7iy9V8","Hayat Bayram Olsa","Kuzey Köker","Hayat Bayram Olsa","?",""
"34IdnYYDiL8RFdQbxyjXJD","Unsung Heroes","Ensiferum","Unsung Heroes (Japan Version)","?",""
"3nksErHQtKR322Phfh551L","Lambaya Püf De","Urfalı Babi","Babifon","?",""
"49AqUxOWa4b24zXbqTJDRJ","Salako","Urfalı Babi","Salako","?",""
"0W1AaSfYs1CCjXnYhMnQLh","Neler Oluyor Hayatta?","Kuzey Köker, Soner Arıca","Neler Oluyor Hayatta?","?",""
"1cV1oeBACcYSdv02mNUeKD","Gençlik Başımda Duman","Ayşe Güzin Sokullu, Baha Boduroğlu","Güzin İle Baha (En İyileriyle)","?",""
"0C5Bo5ugGWrkxC1hve2opg","Yunus","Bora Ayanoğlu","Yeşilçam Şarkıları Vol. 3 / Yıldızların Altında","?",""
"7BOgJ89wrnqaJx5GgHCA0g","Yunus","Kemal Sunal","Kemal Sunal'dan Türküler","?",""
"6hl3x0tDAHnkiW5EpYVGwA","Uskudara Giderken","Safiye Ayla","Traditional World: Turkey","?",""
"57BBOYDH3VPVZS7NWfRPJg","Üsküdar'dan Diskoteğe Giderken","Osman İşmen","Diskomatik Katibim","?",""
"4iLARSRvNwuHGPwDTayglk","Star Queen ( Celestial Bond Part II )","Ensiferum","Unsung Heroes (Japan Version)","?",""
"0d50gg3tFB0smuuLLUL4oe","Symbols","Ensiferum","Unsung Heroes (Japan Version)","?",""
"1xBRGN41DWx2vwNFY5CvGe","Night Witches","Sabaton","Heroes","?",""
"05UMQXFCsa9oPnLgfJHVyF","Ezio's Family","Jesper Kyd, Assassin's Creed","Assassin's Creed 2 (Original Game Soundtrack)","?",""
"2gaZJDgE71VL9PzzUUlpMg","Dragonborn","Jeremy Soule","The Elder Scrolls V: Skyrim: Original Game Soundtrack","?",""
"7aYO9WJaSC8m7YpT0bM5Ke","In My Sword I Trust","Ensiferum","Unsung Heroes (Japan Version)","?",""
"7DvB3bd4xMTXPM5CJBg1oc","The War Still Rages Within","Graeme Cornies","METAL GEAR RISING REVENGEANCE Vocal Tracks Selection","?",""
"4hs2FbesB8qo6H5Berbikd","Absinthe","I DONT KNOW HOW BUT THEY FOUND ME","1981 Extended Play","?",""
"12M2aCmmRdpUh5ncY3gvcU","Black Hole Sun","Prismo","Black Hole Sun","?",""
"6D5rHi32yD1RfQHrWu0qLn","promise - 07' Remastering","Kohmi Hirose","Alpen Best - Kohmi Hirose","?",""
"0qlS7ujzdsfipYeyR1EbCR","Always Tired","Weathers","Always Tired","?",""
"4RPpx2lgTptIUtR50KXfQ0","C'est la vie","Weathers","C'est la vie","?",""
"2Foc5Q5nqNiosCNqttzHof","Get Lucky (Radio Edit) [feat. Pharrell Williams and Nile Rodgers]","Daft Punk, Pharrell Williams, Nile Rodgers","Get Lucky (Radio Edit) [feat. Pharrell Williams and Nile Rodgers]","?",""
"6gphI3jLMls8qKCR7dtl2w","Friday Theme - Crunchy","Uglyburger0","Friday Theme (Crunchy)","?",""
"2dCjN0ldv9iaA9FzmOzYii","Lose My Mind In Hysteria","FakeFast","Lose My Mind In Hysteria","?",""
"0miB2Y7zYt8DMx8biwooN2","lain","C4FF31N3","lain","?",""
"58nqArQQR9mlhLtHrwYsZL","Palmtree Panic - ”P” mix","SEGA SOUND TEAM","SONIC THE HEDGEHOG CD Original Soundtrack (20th Anniversary Edition)","?",""
"2MOcTJUuNWGFNtAYHVCdfF","Stock Market","Mr Weebl","Stock Market","?",""
"2B0qbYfKYlhNNESY36DCxL","WAAAAAAAAAAAAAAAAAAAAAAA - Joke","xaduma","WAAAAAAAAAAAAAAAAAAAAAAA (Joke)","?",""
"2XVQdI3m0giGxNrwUhV3yP","Funkytown","Lipps Inc.","Mouth To Mouth","?",""
"6UfvrgAnHLuN3f7JIbCyDK","Lucky (I'm So Lucky Lucky) - Remix","Lucky Twice, Tik Tok Trends, sped up + slowed","Lucky (I'm So Lucky Lucky) [Remix]","?",""
"6MNwXWX1d2k8ARllRJ5Ezt","FVN!","LVL1","FVN!","?",""
"3uhJllxR54wXP82uVAJbcg","Cats on Mars","SEATBELTS","COWBOY BEBOP Vitaminless","?",""
"6gHsenqqwzj67gp1OzCIi2","Pvp","Ken Ashcorp","Pvp - Single","?",""
"2rb5MvYT7ZIxbKW5hfcHx8","Mi Gente","J Balvin, Willy William","Mi Gente","?",""
"4w8niZpiMy6qz1mntFA5uM","Taki Taki (with Selena Gomez, Ozuna & Cardi B)","DJ Snake, Selena Gomez, Ozuna, Cardi B","Taki Taki (with Selena Gomez, Ozuna & Cardi B)","?",""
"39N9RPD9MRb5WmoLzNzPeA","X","Nicky Jam, J Balvin","X","?",""
"4ipnJyDU3Lq15qBAYNqlqK","Mi Gente","J Balvin, Willy William","Mi Gente","?",""
"6k2900NjJeVqZM55G3Danu","Bum Bum Tam Tam","MC Fioti, Future, J Balvin, Stefflon Don, Juan Magán","Bum Bum Tam Tam","?",""
"2B4GHvToeLTOBB4QLzW3Ni","Pepas","Farruko","La 167","?",""
"5fwSHlTEWpluwOM0Sxnh5k","Pepas","Farruko","Pepas","?",""
"5fWG4JDot8nHCte7gUdMUS","Pepas - David Guetta Remix - Radio Edit","Farruko, David Guetta","Pepas (David Guetta Remix - Radio Edit)","?",""
"1bFgMkoazsyZGSflpCzYm6","Pepas - Tiësto Remix","Farruko, Tiësto","Pepas (Tiësto Remix)","?",""
"5QBozbgRWIYDSriHCRTsXd","THE WORLD REVOLVING","Toby Fox","DELTARUNE Chapter 1 (Original Game Soundtrack)","?",""
"3m4KFXtAsO0zyPy0iapiW4","theme of really cool bird","bobacupcake","theme of really cool bird","?",""
"2vhPKZS80ap76Mk6DtVyXZ","2010 Toyota Corolla","2003 Toyota Corolla","2003 Toyota Corolla","?",""
"0AZb6ryK8LsFcvY1jWHO61","Sunshine, Lollipops And Rainbows","Lesley Gore","Lesley Gore Sings Of Mixed-Up Hearts","?",""
"7cOmsSyGKpGLdsDdsgALCY","Meow","lvusm","Meow","?",""
"0F2b9xM61pX5AJrfmgjbAJ","Cats","The Living Tombstone","Cats","?",""
"408y4MMGyp2cpRt8Nn5c6L","Cats - Sped Up","The Living Tombstone","Cats","?",""
"52LOEE01R9IJ0oZQESRYnm","Guts","Unlike Pluto","Guts","?",""
"0Ng0SBhN5ZKQBgEW4iZLoS","Question","Unlike Pluto","Cherry Blossom Nightmare","?",""
"0hb6nCNNNyOEjdsFjhJ5Hq","Reset Rewind","Unlike Pluto","Cherry Blossom Nightmare","?",""
"5DRWu1kZeDaXQoKglWg8X7","Fata Morgana","Unlike Pluto","Cherry Blossom Nightmare","?",""
"0fhJPORjy91yVDnPQsBDuG","Dread","Unlike Pluto","Cherry Blossom Nightmare","?",""
"3aCafN1Unwj2MRNGOvofmw","If It's Vengeance You Want","Unlike Pluto","Cherry Blossom Nightmare","?",""
"3dyxoPf1vhXpylIkuoRbIv","Supposed to Fall","Unlike Pluto","Cherry Blossom Nightmare","?",""
"2jh2aLkQDrAe3HmzwWVtXr","Sinking Sand","Unlike Pluto","Cherry Blossom Nightmare","?",""
"1DcLzxuKZVuw6sbF1oV5nm","Stuck","Unlike Pluto","Cherry Blossom Nightmare","?",""
"7jUCBI1bHhvdDgNQjAuy3C","Rain on My Happy Days","Unlike Pluto","Cherry Blossom Nightmare","?",""
"7qpdIP5j2q3OBtSjD8zI2m","Intoxicate Me","Unlike Pluto","Cherry Blossom Nightmare","?",""
"48XTpfKcCq17EpDLBKHmK3","Drown Me","Unlike Pluto","Cherry Blossom Nightmare","?",""
"1K2xN52r4uRTk3Vp9QFrgv","My Life Away","Unlike Pluto","Cherry Blossom Nightmare","?",""
"3qxuHRMRJfApNFpnYvzmTn","More Than I Remember You","Unlike Pluto","Cherry Blossom Nightmare","?",""
"1000nHvUdawXuUHgBod4Wv","Panini","Lil Nas X","Panini","?",""
"32L05FkUrYfVlc0IwJ45ld","MONTERO (Call Me By Your Name)","Lil Nas X","MONTERO (Call Me By Your Name)","?",""
"0X1bWx1b5WZn8WCpfHriqj","Saydım","Ogün Sanlısoy","Akustik 2012","?",""
"0cWPe8mPRyLMxxe94eRVzs","In the House - In a Heartbeat","John Murphy","In the House - In a Heartbeat","?",""
"3V2cgvvI483DKomiZBYsAA","Bangarang (feat. Sirah)","Skrillex, Sirah","Bangarang EP","?",""
"1BjYMNDcZqIXe4rwnUUyF6","Animals","Martin Garrix","Animals","?",""
"42qNWdLKCI41S4uzfamhFM","Duvet","bôa","Twilight","?",""
"1tQDMPOCA2Q3zxn9bw2Ili","Mына минтип - COEMS SONG","Съездбек Искеналиев","Мына минтип (COEMS SONG)","?",""
"2s56LBBP2QxjiQOGImy9Rf","It Gets Worse","Mindless Self Indulgence","How I Learned to Stop Giving a Shit and Love Mindless Self Indulgence","?",""
"4wEuNvb7oG8oZYrZPZ9rPr","Me and the Birds","Duster","Contemporary Movement","?",""
"7HAkrW8JUYoVR9dXwb6Uku","ホタルノヒカリ","Ikimonogakari","Hajimarinouta","?",""
"1VgbLnOHWWz9MCPazUesiO","HOLLOW HUNGER","Ironmouse, shirobeats, ThunderScott","HOLLOW HUNGER","?",""
"0R465plSNQh5wdzz7A62gM","Violin Legionary Boss Theme","PameloNaro","Violin Legionary Boss Theme","?",""
"0vDWFzvLFRC6Ceh4Mxnq7H","Dance of Thorns","TenseiMusic","Strife!","?",""
"2vxNbL894XZjnw0ea1wsEA","Pascal","岡部啓一","NieR:Automata Original Soundtrack","?",""
"32OCH26Knq4TMWhq7AV9tN","Amusement Park","帆足圭吾","NieR:Automata Original Soundtrack","?",""
"1xsYj84j7hUDDnTTerGWlH","Dream On","Aerosmith","Aerosmith","?",""
"2uTqluJ3zGMpyiNQr8skml","NANI THE FUCK!!","Camellia, Nanahira","GOIN'!","?",""
"2Hla6QVdb2fJhQonnGLksC","Brothers","SIAMES, Eddy Capparelli","HOME","?",""
"3eGKvQ0eYpyl28lMo8ZT93","Blue","YOASOBI","Blue","?",""
"0dSPApaBoWn6SA4GKWq9QK","Romance","YOASOBI","THE BOOK 2","?",""
"2YbNZLoiREBYZo4HeKB8Np","ミスター","YOASOBI","ミスター","?",""
"5WYTSyhKonzQZ3hu14LNr6","もしも命が描けたら","YOASOBI","THE BOOK 2","?",""
"3FUCuf498nFHJXFYR1V9Bd","三原色","YOASOBI","三原色","?",""
"185Wm4Mx09dQG0fUktklDm","ラブレター","YOASOBI","ラブレター","?",""
"67NMpZcVvhOzaHkYJ5I0tm","Bad Apple","Cloudjumper, Un3h","Bad Apple","?",""
"34PQ0lHKVRvvj9YwtNbWEO","HOLLOW HUNGER","Xell04","HOLLOW HUNGER","?",""
"3koCCeSaVUyrRo3N2gHrd8","Let's Groove","Earth, Wind & Fire","Raise!","?",""
"7KBmKc8magdmcGIlkBFN4M","Daredevil (From ""Ace Combat 7"") [Metal Remix V2]","Vincent Moretto","Daredevil (From ""Ace Combat 7"") [Metal Remix V2]","?",""
"2tHrGp7xyt4mlYkWxISdDA","Peacekeeper I","Jose Pavli","Project Wingman (Original Soundtrack)","?",""
"2kzy5SGKjrKcHRiM6oaGPa","Kings","Jose Pavli","Project Wingman (Original Soundtrack)","?",""
"3dkeGDiZUvM4aipctvLapz","Showdown","Jose Pavli","Project Wingman (Original Soundtrack)","?",""
"5N9kZ15KPFHitFDSSZ00MZ","Midnight Light","Jose Pavli","Project Wingman (Original Soundtrack)","?",""
"73DCreJgfFdFxVnjsMSeo4","The Whims of Fate","Lyn, ATLUS Sound Team, ATLUS GAME MUSIC","PERSONA5 ORIGINAL SOUNDTRACK","?",""
"6rgIKCKKCnhyaNTgmY73tq","Rivers In the Desert","Lyn, ATLUS Sound Team, ATLUS GAME MUSIC","PERSONA5 ORIGINAL SOUNDTRACK","?",""
"5APUSIhaJRhZvPxbkDT0QC","I Believe (Persona 5: Royal)","Nordex","I Believe (Persona 5: Royal)","?",""
"5XLXrm5JVMdOus1fWmTOFw","Beneath the Mask","Lyn, ATLUS Sound Team, ATLUS GAME MUSIC","PERSONA5 ORIGINAL SOUNDTRACK","?",""
"1h8ZdxSacDTM1BoZGTGJcK","When Mother Was There","ATLUS Sound Team, ATLUS GAME MUSIC","PERSONA5 ORIGINAL SOUNDTRACK","?",""
"4AuZBIN4aeFL9egQldQfRn","Wake Up, Get Up, Get Out There","Lyn, ATLUS Sound Team, ATLUS GAME MUSIC","PERSONA5 ORIGINAL SOUNDTRACK","?",""
"0LNyWv4RYKbaXIvzk6nMxZ","Life Will Change","Lyn, ATLUS Sound Team, ATLUS GAME MUSIC","PERSONA5 ORIGINAL SOUNDTRACK","?",""
"6KS0IPd4O4LBL83t5eAoWT","Industry E.T.","Swoltie","Industry E.T.","?",""
"2FseNuEu4PYQHTBaFM8V6U","Last Surprise","Lollia, RichaadEB, AmaLee","Personified","?",""
"3NTn9IWUtYWkoId3RpSN5H","A Cruel Angel's Thesis (Cruel Lyricist's Version)","Richie Branson, Raj Ramayya","A Cruel Angel's Thesis (Cruel Lyricist's Version)","?",""
"5nS1Y5FsSCaff4QCPmpy5Z","Giga Chad EPIC ORCHESTRA - EPIC EDITION","Seycara Orchestral","Giga Chad EPIC ORCHESTRA (EPIC EDITION)","?",""
"7MwyCLXQ2OH3NAfz7ct0rE","No Lullaby","SIAMES","HOME","?",""
"6zRBNkFmcNLgb3mOLmUK8i","Summer Nights","SIAMES, Barbie Williams","HOME","?",""
"49J22EbzgeD9XgxqM5HGZb","NAW NAW","LoneMoon, Shadient","NAW NAW","?",""
"68givq9uG27L46EE8fePvR","Rush E","RichaadEB","Rush E","?",""
"2khZmbRyP9g4wjcYToXD7A","Satori Maiden ~ 3rd Eye","RichaadEB","Bullet Hell II","?",""
"0hAF7nMuGCtp5AGiGfjzX2","Lunatic Eyes ~ Invisible Full Moon","RichaadEB","Bullet Hell II","?",""
"5s0kckKDyV644xnHzZYzjl","Kobito of the Shining Needle ~ Little Princess","RichaadEB, YaboiMatoi","Bullet Hell II","?",""
"7bmfaDASSM7GKbuSmhPF41","Pierrot of the Star-Spangled Banner","RichaadEB","Bullet Hell II","?",""
"2z7zd4RtSPeKd1ElPqtOpx","Hartmann's Youkai Girl","RichaadEB","Bullet Hell II","?",""
"5enTecsD19h5bBZGFDyNc0","Pure Furies ~ Whereabouts of the Heart","RichaadEB","Bullet Hell II","?",""
"3urItfkvXw8tPjwNs2lXdd","Bad Apple!!","RichaadEB, Cristina Vee","Bullet Hell","?",""
"1sr3Gv6DK9A0RqszltviJc","Border of Life","RichaadEB","Bullet Hell","?",""
"2ZTg3FBOgJZLTfxuk1iKYA","Primordial Beat","RichaadEB","Bullet Hell","?",""
"57YBn18Dmud6msD8sedrPt","Love Coloured Master Spark","RichaadEB","Bullet Hell","?",""
"5g2E6x9BUxfdTtXaSlHfh4","Necrofantasia","RichaadEB","Bullet Hell","?",""
"7sow5uSN19yXYOqhuRuf42","Reach for the Moon, Immortal Smoke","RichaadEB, Alejandro Hernández","Bullet Hell","?",""
"5raiixLk0NHkrnBFC8RiT4","Flowering Night","RichaadEB","Bullet Hell","?",""
"6OJyVq4fUnO9SArL2dzaH9","Lunatic Princess","RichaadEB","Bullet Hell","?",""
"54m8TBNSw6M0Q7HYGlb3NO","U.N. Owen Was Her?","RichaadEB","Bullet Hell","?",""
"19fhOFi6pNGeZe5uiFlm7c","優しい彗星","YOASOBI","優しい彗星","?",""
"06XQvnJb53SUYmlWIhUXUi","怪物","YOASOBI","怪物","?",""
"7HneEBTvTra2CRYsxgMOAi","ハルジオン","YOASOBI","ハルジオン","?",""
"0T4AitQuq8IJhWBWuZwkFA","群青","YOASOBI","群青","?",""
"2vjY3jGKElvqXoaGNEuYef","怪物","YOASOBI","THE BOOK 2","?",""
"1zd35Y44Blc1CwwVbW3Qnk","群青","YOASOBI","THE BOOK","?",""
"2x0iD3KWQJq42iizPCMg3e","Entry of the Gladiators (Arr. for Brass Ensemble)","Julius Fučík, The Philip Jones Brass Ensemble, Elgar Howarth","The World of the Philip Jones Brass Ensemble","?",""
"0USK9GYk8n1FQg5rUTWadD","Winter (L'Inverno) Op.8 No.4 F Minor: Allegro Non Molto","Baroque Festival Orchestra, Alberto Lizzio","Vivaldi - The Four Seasons","?",""
"0KBhZh8rhLacIWY6ORhAWp","Hoes No Jutsu","ovg!","Hoes No Jutsu","?",""
"5dvfruqsiGLLndsMeazjH8","VOID WHISPERS","ovg!, Watergun Collective","VOID WHISPERS","?",""
"22NW3cdLyoQ1HdQbo8mHN8","Virginity Syndrome","ovg!","Oppai and Thicc Thighs","?",""
"1fd3XY9w5SzDPT40K92Bch","Death Lotto","ovg!, Grioten","Death Lotto","?",""
"45LbKMd573GvriZR60E7DG","Intro","Ensiferum","Ensiferum","?",""
"1ERKFXkhj7UekblpgUw2fF","Hero In A Dream","Ensiferum","Ensiferum","?",""
"6NlRFM6YPUDQLTL94Cyf7W","Token Of Time","Ensiferum","Ensiferum","?",""
"6vXlfcORbavPtxIPYGYYbz","Guardians Of Fate","Ensiferum","Ensiferum","?",""
"1IoBqiz40yvzhZnTnQt6bT","Old Man (Väinämöinen)","Ensiferum","Ensiferum","?",""
"49sHjT9q3WsuwhLJ3G5LEy","Little Dreamer (Väinämöinen Part II)","Ensiferum","Ensiferum","?",""
"1bXjgN41CumYbZovb0KAzn","Abandoned","Ensiferum","Ensiferum","?",""
"6xtjbKMvK69gjhhcdBRuwB","Windrider","Ensiferum","Ensiferum","?",""
"0SAXvT9zZx4B36Eu3TwVYs","Treacherous Gods","Ensiferum","Ensiferum","?",""
"2qUU8a2ovr5AMifrzrPrZS","Eternal Wait","Ensiferum","Ensiferum","?",""
"1RAePnGQvZn6dQxt05OISI","Battle Song","Ensiferum","Ensiferum","?",""
"2OBXIrRkIIRZXkXZBRFOiF","Goblin's Dance","Ensiferum","Ensiferum","?",""
"1CjDS1wikrCuplWSGdhfSl","Into Hiding","Ensiferum","Ensiferum","?",""
"6CjtS2JZH9RkDz5UVInsa9","Thrift Shop (feat. Wanz)","Macklemore & Ryan Lewis, Macklemore, Ryan Lewis, Wanz","The Heist","?",""
"2lnzGkdtDj5mtlcOW2yRtG","Whenever, Wherever","Shakira","Laundry Service","?",""
"6cpk00i5TxCqSeqNi2HuIe","One More Night","Maroon 5","Overexposed Track By Track","?",""
"3Wnba0vkxR4nmXbaRF9foE","化け猫 - Leaks From His Laptop","Tatsuya Kitani","化け猫 (Leaks From His Laptop)","?",""
"7htjjhyVG8P86aXp4wKb9z","Sweet Lies","Azari","Sweet Lies","?",""
"4PukgBe5DtwxGbktrBnB8k","Casino","Azari","Casino","?",""
"7iNGI5YRuL9l58S0NxjHUO","Want to disappear","takayan","Want to disappear","?",""
"0c6ntE3VOlVSDd1Euj7GUG","As They Bloom","Unlike Pluto","Cherry Blossom Nightmare","?",""
"1uC1sBpO2Orz049ApZNfxT","A Cautionary Tale","Unlike Pluto","Loud Fantasy, Quiet Reality","?",""
"0zK8Em4hCWACv0BeAVGRcr","Pipkin Pippa You Absolutely Need to Take Your Medication Right Now Otherwise the Voices Will Never Stop I'm Pleading with You","Ken Ashcorp","Pipkin Pippa You Absolutely Need to Take Your Medication Right Now Otherwise the Voices Will Never Stop I'm Pleading with You","?",""
"507ruNn83I35Qi0QIuiwwg","We're Screwed","Unlike Pluto","We're Screwed","?",""
"0kYHyFD8J4Y86Bhe8B0vII","Wii Shop Channel Trap","OSRSBeatz","Wii Shop Channel Trap","?",""
"1SOTqkhpIWoLX1AS9Y2RpU","Coconut Mall (From ""Mario Kart Wii"")","Arcade Player","Mario Kart Wii, The Themes","?",""
"18JxbBMpDo1fbmvFjrhncp","Stronger - Raiko Remix","Prismo, Raiko","Stronger (Raiko Remix)","?",""
"5XeIQO9gGkGo54naYVVeJP","Mr. Fear","SIAMES","BOUNCE INTO THE MUSIC","?",""
"2PCurI9hftlXKUtUFSTFX7","Mega Man 2 / Dr. Wily Stage 1 -OMEGAMAN MIX-","ROCK-MEN","We are ROCK-MEN!2","?",""
"4uOVEIuJohifTMgFicMUPq","Theme of Ryu -SFⅣ Arrange-","Hideyuki Fukasawa","ストリートファイターIVシリーズ サウンドBOX","?",""
"29drzlJamuYPBRh1LPpXM4","Guile's Theme","Capcom Sound Team","Super Street Fighter II Turbo Original Soundtrack","?",""
"0Uiqplbhwnvl9txEppdWJv","Crimson Cloud","Jeff Rona, Rachel Fannan","Crimson Cloud","?",""
"56LAHIIyWXTg7vYmVSGBUf","Taurus","Spirit","Spirit","?",""
"12wlYeErSUNGg1B5d64077","Stairway to Heaven - Remaster","Led Zeppelin","Mothership (Remastered)","?",""
"2Z8WuEywRWYTKe1NybPQEW","Ride","Twenty One Pilots","Blurryface","?",""
"26gceVsA1ybT8qsX3aYLEn","Thunder","Imagine Dragons","Evolve","?",""
"7Izh7zLJGw1Nscd62Exxj4","Believer","Imagine Dragons","Evolve","?",""
"7w87IxuO7BDcJ3YUqCyMTT","Pumped Up Kicks","Foster The People","Torches","?",""
"2ygMBIctKIAfbEBcT9065L","Pump It","Black Eyed Peas","Monkey Business","?",""
"1fcR1xtq85n7k14tRuCsjw","Whisper Whisper Whisper","Azari","Whisper Whisper Whisper","?",""
"7ovUcF5uHTBRzUpB6ZOmvt","アイドル","YOASOBI","アイドル","?",""
"3LnLvaA07IEzICQ7SvSuE5","Twilight Tears","Unlike Pluto","Twilight Tears","?",""
"7MXVkk9YMctZqd1Srtv4MB","Starboy","The Weeknd, Daft Punk","Starboy","?",""
"4ZPwjq0CdxbWFNycxnSUJc","Dead Man Walking","Grant, ellis","Dead Man Walking","?",""
"6Bvk8WXfGEfMFOgROQMhys","My Perfection","Tokyo Project","My Perfection","?",""
"5m0uWrm9gp38F81BR6sNvd","Neverland","Trifect","Neverland","?",""
"4ND62sHoX5vpMHPMPXH6q1","Ange Du Blanc Pur","Nanahira","Colory Starry","?",""
"0j1VVFif10Ib9s3U59adli","Iron","Woodkid","Iron","?",""
"07rrROJgumltg4uuz9JL1t","A Cookie From Space","Infected Mushroom, Bliss","IM25","?",""
"2c7y5n1q4rwHNTUPzi4HOe","Boss La Rosh","Infected Mushroom, Bliss","IM25","?",""
"1RRMkHX5tlld0e7652YbzC","Business as Usual","Infected Mushroom, Hope 6, Nick Hexum","IM25","?",""
"12QpKBMXuMQ2Wfv9pyVpuI","While I'm in the Mood","Infected Mushroom","IM25","?",""
"7HjaeqTHY6QlwPY0MEjuMF","Black Velvet","Infected Mushroom, Ninet Tayeb","IM25","?",""
"2CAejyWEtCiscWvgvCYSDK","Zazim Beyhad (We Move Together)","Infected Mushroom, May Sfadia","IM25","?",""
"714XB4rQYwAqv3qwHxxqkp","Lies and Deceptions","Infected Mushroom","IM25","?",""
"30RKGpKHqr7ytcTljw436k","King Nothing","Metallica","Load","?",""
"3BGbqEDio3ocx1v4egIYr6","Walk Like an Egyptian","The Bangles","Different Light","?",""
"5V5akuBxKpIlTUPaueNpyy","chase","batta","chase","?",""
"1rg26UtRqvO6nHihmWOHwl","Turkish Nights","Infected Mushroom, Joseph E-Shine","IM25","?",""
"2iLGveANIUf2UmYTKENlm6","Riptide","Unlike Pluto","Pluto Tapes: Volume 2","?",""
"227y7s5IZ5TWN17Pkte5tc","Why Not?","LOONA","[12:00]","?",""
"3xUsaaH6oCG1w8kD1oGhGW","Social Climb","I DONT KNOW HOW BUT THEY FOUND ME","1981 Extended Play","?",""
"3j9nxHougJSpdUHwvOMyBs","Ambatakam","Jungs Studios","Ambatakam","?",""
"07vdEG0hW4OeSGoTYkR4tc","Ambatukam","60PERCENTHOMO, Rahmoud Clips, Gurberbeats","What a Time to Be Alive in Iraq 3","?",""
"7dtRjbVLuo4k9PClPPKNZq","エンドレス・てゐマパーク","IOSYS","東方メレンゲ少女夜行","?",""
"32zqrDpYvNr8BuOClDpavD","Absolute Territory","Ken Ashcorp","Absolute Territory","?",""
"2qQpFbqqkLOGySgNK8wBXt","FANCY","TWICE","FANCY YOU","?",""
"3Hz3tTQwOdM6XkA0ALB2G9","Feel Special","TWICE","Feel Special","?",""
"2xtP8RNbo2BEMzLX7tK7aq","CRY FOR ME","TWICE","CRY FOR ME","?",""
"0BTaaKT4RMbs5M73tOHX5Y","Alcohol-Free","TWICE","Taste of Love","?",""
"3lOMJTQTd6J34faYwASc33","POP!","NAYEON","IM NAYEON","?",""
"7K8tplxNrEPRR2wcc6y0xT","At the End of the Rainbow","HammerFall","Legacy of Kings","?",""
"7n2FZQsaLb7ZRfRPfEeIvr","ELEVEN","IVE","ELEVEN","?",""
"60jFaQV7Z4boGC4ob5B5c6","TT","TWICE","Twicecoaster: Lane 1","?",""
"26OVhEqFDQH0Ij77QtmGP9","YES or YES","TWICE","YES or YES","?",""
"0IEVKWduAaMcZepZQVr80T","Likey","TWICE","Twicetagram","?",""
"78ehyetw7b6kfJccRzCyZX","Scheming Weasel - Peukie Remix","Kevin MacLeod, Peukie","Scheming Weasel (Peukie Remix)","?",""
"6P3AjL7slJZqbdFqqhSmoR","Electro Swing - Remix","iluvvmyclique","Electro Swing (Remix)","?",""
"2wV0Sqc9LFsebBLf24w6Oq","I Want Some Cheeseburgers Just To Eat","MemeJuice","I Want Some Cheeseburgers Just To Eat","?",""
"7hq8Hvxmqw5muIwGDUCgMH","Jhin, the Virtuoso (From League of Legends: Season 6)","League of Legends","The Music of League of Legends: Season 6 (Original Game Soundtrack)","?",""
"25vvfOwx0tw2N44SMk1cMC","In Hell We Live, Lament (feat. KIHOW)","Mili, KIHOW","In Hell We Live, Lament (feat. KIHOW)","?",""
"4bxgtcUCl9t5tbzGdQY51P","Neppa","Trickle, Oktavia","Neppa","?",""
"4UxpuTRGpbqUouLUQ0G0jY","Stick Candy (feat. Ado)","Nagumoyuuki, Ado","Stick Candy (feat. Ado)","?",""
"6CWFVtsZ4Bc31szfHmfiXg","Origami","Unlike Pluto","Origami","?",""
"0My5K0w80efxzM1wOTAheP","Black Out","Azari","Black Out","?",""
"3kKrLW9Fi7FdPi5oeLER7U","Shadow Shadow","Azari","Shadow Shadow","?",""
"6K13hIU8J8NSSKMfLWu8sn","Who?","Azari","Who?","?",""
"3mBzmGcvEytNUsPHmpqtXZ","Weight of the World","Shayfer James","Counterfeit Arcade","?",""
"5SQX4pwdAOTsoAmLO6RqZY","Muzzle","Destroy Boys","Open Mouth, Open Heart","?",""
"266Vb7ItE3o1q8HdJ9QOvn","Verbatim","Mother Mother","Touch Up","?",""
"4RvWPyQ5RL0ao9LPZeSouE","Everybody Wants To Rule The World","Tears For Fears","Songs From The Big Chair (Super Deluxe Edition)","?",""
"2QqUfCa7GbxQm6gB3K4hhi","See Tình - Cukak Remix","Hoàng Thùy Linh, Cukak","See Tình (Cukak Remix)","?",""
"5ZQ2slXNqImBi0SdomcjYN","Back That Up To The Beat - demo version","Madonna","Back That Up To The Beat","?",""
"4IImM8ZG3RLe4FK4C1yaec","Best at Being the Worst","Unlike Pluto","Cherry Blossom Nightmare","?",""
"1rgncjmlpHMP3DBhpagyVb","ギターと孤独と蒼い惑星","kessoku band","結束バンド","?",""
"0QbFFdUAWr7juELKOAyUSQ","Muchinnchi","jon-YAKITORY","Y","?",""
"2t8yVaLvJ0RenpXUIAC52d","a lot","21 Savage","i am > i was","?",""
"4fZ9WIEGk5HQQOwVbZeOZw","Wake up to Reality","TheSrijan, Srijan Gupta","Wake up to Reality","?",""
"4PhsKqMdgMEUSstTDAmMpg","Often","The Weeknd","Beauty Behind The Madness","?",""
"3kZoay4ANo86ehb6s4RwS9","Ridin'","Chamillionaire, Krayzie Bone","The Sound of Revenge","?",""
"6oLejuhWNQf76ydBbtLrT9","YELLOW","Yoh kamiyama","SHIAWASE NA OTONA","?",""
"51i1OUSmicIa8vMcuU7HJT","Wither","takayan","Wither","?",""
"3IDF7N86lrcWaJEt9C1gbS","Cry Baby","OFFICIAL HIGE DANDISM","Cry Baby","?",""
"3ixFouonAtRdwg4FiVN9z9","AntiSystem's (feat. Ado)","jon-YAKITORY, Ado","AntiSystem's","?",""
"0nPGEEMua8S0jT2Fk3g8y5","Wither","takayan","Wither","?",""
"2rUD87ij1WUDEfvnD2h24F","Be My Guest","Azari","Be My Guest","?",""
"6IL2qmfBpLeLVpsglwgatn","Neppa","tephe, Butter","Neppa","?",""
"1mYAxcDROLJxGF6Q3W5mj9","Floating Trees","C418","Minecraft - Volume Beta","?",""
"29ZFiPARacZoV5PqH2ykJl","Concrete Halls","C418","Minecraft - Volume Beta","?",""
"1kKaRzjW8OiGLriIdpXHT1","Moog City 2","C418","Minecraft - Volume Beta","?",""
"6K8HUxHtrxGKUJxY6lEQy0","Blind Spots","C418","Minecraft - Volume Beta","?",""
"1SYDr5HWajCjfKee8H3xkg","Lavender","Unlike Pluto","Loud Fantasy, Quiet Reality","?",""
"2SNUnuFt4eTCEUMHAEmyea","Origami","Unlike Pluto","Loud Fantasy, Quiet Reality","?",""
"4CfAlgzU2DV3OMxm1nH4kl","Better Luck Next Life","Unlike Pluto","Loud Fantasy, Quiet Reality","?",""
"0ddcdp79Ttwv09eZ6Cx1eJ","Hummingbird","Unlike Pluto","Loud Fantasy, Quiet Reality","?",""
"7pOfVc3K1UOcUhEcljsPqW","We're Screwed","Unlike Pluto","Loud Fantasy, Quiet Reality","?",""
"67o1zHGmbdkyrodvsJMZm9","Mystery Of Me","Unlike Pluto","Loud Fantasy, Quiet Reality","?",""
"6JNtaUdumVFcJUwHWlEik4","Conspiracy","Unlike Pluto","Loud Fantasy, Quiet Reality","?",""
"4UDq7SDBZSHlJZhOLBhzxS","Endless","Unlike Pluto","Loud Fantasy, Quiet Reality","?",""
"6nRJTn59VvyEw333QzxPOb","Everybody Is Interesting","Unlike Pluto","Loud Fantasy, Quiet Reality","?",""
"2hP6pN6JCZ3p6NHPhU26ZB","Perfect Season","Unlike Pluto","Loud Fantasy, Quiet Reality","?",""
"4upbpUyFMFRPSFdWKtRt2E","Belladonna","Unlike Pluto","Loud Fantasy, Quiet Reality","?",""
"13ZLB4a6qB1FxlFwO8NW26","Sailing Colors","Unlike Pluto","Loud Fantasy, Quiet Reality","?",""
"4DI3W4otsKvHAewQIW51DM","Talladega Knights","Unlike Pluto","Loud Fantasy, Quiet Reality","?",""
"274bxst60NhBaEkqvGpxbx","Elephant Ears","Unlike Pluto","Loud Fantasy, Quiet Reality","?",""
"63bR379dNknfAws2hBBsq7","Surface","Aero Chord","Surface","?",""
"0hTrQoqDmFnA4S1PC265e1","Fly Away","TheFatRat, Anjulie","Fly Away","?",""
"51LXUaGVjD6DaGQdeK27ep","Rose Colored Lenses","Unlike Pluto","Technicolor Daydream","?",""
"04Q4ravTeX4rdrTg0dZ9I9","Zoned Out In My Youth","Unlike Pluto","Technicolor Daydream","?",""
"0oxGZJXrPvXxxiPWtKOIMM","Soft Spoken","Unlike Pluto","Technicolor Daydream","?",""
"5GhaUfW4LSAmBRJn0Ii2xJ","Sabotage","Unlike Pluto","Technicolor Daydream","?",""
"2JTuh4KMrmyRgE13vAoJ8E","Interstellar Weather","Unlike Pluto","Technicolor Daydream","?",""
"5G1SFD2IoVkFIrzAI4I0e7","Ricochet on My Mind","Unlike Pluto","Technicolor Daydream","?",""
"3re9nmLELcD9PuZXGPerQE","Fallen Parachutes","Unlike Pluto","Technicolor Daydream","?",""
"3A5YbCmfNQJ3ZlagG72TMp","Addict","Unlike Pluto","Technicolor Daydream","?",""
"2YXHo6zt8Jmugve5g1tnaS","Poster Boy","Unlike Pluto","Technicolor Daydream","?",""
"2T6box7D7U5PWf8qXDaVZ9","Belly Flop","Unlike Pluto","Technicolor Daydream","?",""
"7Ic9iBR2rabjsrm21y62E9","Wouldn't You Agree","Unlike Pluto","Technicolor Daydream","?",""
"5KZglLL6uIWNZGTSvrLwQU","Moving Too Quickly","Unlike Pluto","Technicolor Daydream","?",""
"1T7yzIo5cqPjp78AoFIuWG","Don't Wait for Me","Unlike Pluto","Technicolor Daydream","?",""
"5ZH8mycjzgkZQRSmO6o5QA","Wrong Faces Wrong Places","Unlike Pluto","Technicolor Daydream","?",""
"79HqvLVbSKh4EDaZeBUXNg","Candid","Unlike Pluto","Technicolor Daydream","?",""
"4FPZ6Uvme1pfbz58SuqxDC","DEAD","Unknown Brain, Kazhi","Faceless","?",""
"5tVA6TkbaAH9QMITTQRrNv","Free Fallin'","Tom Petty","Full Moon Fever","?",""
"5gys5nzVQIYhgHIfiOJYva","Take It On the Run","REO Speedwagon","Hi Infidelity (30th Anniversary Edition)","?",""
"5WwqdeavrQrbeAMDxGawse","Can't Fight This Feeling","REO Speedwagon","Wheels Are Turnin'","?",""
"0YzMEu5sGNX0JKr9mdBtzd","The Dead Flag Blues","Godspeed You! Black Emperor","F♯ A♯ ∞","?",""
"2bHTmRwczRpLl4ekkX4e8r","Artists vs Tmnt","Epic Rap Battles of History","Epic Rap Battles of History ‎– Season 3","?",""
"4d9GHjgoXm6kyeHQoARFHG","Darth Vader vs Adolf Hitler","Epic Rap Battles of History, Nice Peter, EpicLLOYD","Epic Rap Battles of History Season 1","?",""
"2Eb367lyxqaHt6sLNANyrr","Sin City","Chrishan","Sin City","?",""
"0djSITTfslpfgWydK0Aurj","","Unknown","W Rizz","?",""
"1tinoQpYXzpZDrb0BjK1e7","Wet Hands","C418","Minecraft - Volume Alpha","?",""
"4K0odcECsBvgzv9Lr9z4kd","Aria Math","C418","Minecraft - Volume Beta","?",""
"1OJxI8lIWRqBvouJxW1nzN","Subwoofer Lullaby","C418","Minecraft - Volume Alpha","?",""
"5ro09Fo3hzIgwWUjpdYdcX","Mr. Beast Song","Mrbeast","Mr. Beast Song","?",""
"0FpQoX0JZrb0hgWjiOKPZj","help_urself - boosted","Ezekiel","help_urself (boosted)","?",""
"6Tm0FnR4yjkU1r8lbmrdhl","初音天地開闢神話 (feat. 初音ミク)","cosMo@Bousou-P, Hatsune Miku","初音天地開闢神話","?",""
"3JVsX2h9aZhsbVKtbxeDCU","Faded - Arabic Version","Rachid Aseyakhe","In Arabic Vol4","?",""
"1iEYJfMU7FPEyJlS7OT8RE","Calm Down - Arabic Version","Rachid Aseyakhe","Calm Down (Arabic Version)","?",""
"0sDXw1goMb7ByKwLvKiR6T","Love Nwantiti - Arabic Version","Rachid Aseyakhe","Love Nwantiti (Arabic Version)","?",""
"2fAIfPLrPUTW1AmJRR428Q","Ruby","Kaiser Chiefs","Yours Truly, Angry Mob","?",""
"5Ob1YXCZa5ZR0KS5XO3TUW","FIGHT HOUSE","ZMAJOR","FIGHT HOUSE","?",""
"2lCPDg2EWErPYdO3ItPUdH","MIDNIGHT","PLAYAMANE, Nateki","MIDNIGHT","?",""
"5zmqhtF0SfbVKgBSGymFCK","Babydoll x Perfect Girl","usuck","Babydoll x Perfect Girl","?",""
"6r7ULK6c5CLVvImjTIztl1","Floor 555","XXXTENTACION","?","?",""
"1dlgqM35BpsQLtsXB542jP","All Around The World (La La La)","R3HAB, A Touch Of Class","Let's Get Loud","?",""
"5RByQFt9Mlo8hDYJ921tCv","Around the World / Harder, Better, Faster, Stronger","Daft Punk","Alive 2007","?",""
"5jfYIwLwi868x5kIU5cpaU","DANCE AROUND THE WORLD","Delta Queens","SUPEREUROBEATpresentsINITIALDDSELECTION","?",""
"6DlPa2rrVK3BygXJ48WYo3","RUNNING IN THE 90'S","Max Coveri","SUPEREUROBEATpresentsINITIALDDSELECTION","?",""
"4P9oqOrFDijZRN7TWP4OUZ","SPACE BOY","dave rodgers","SUPEREUROBEATpresentsINITIALDDSELECTION","?",""
"1mSClObliRtgPVT399COQH","Under Pressure","Queen, David Bowie","Hot Space","?",""
"0yJvWbn8xQKiDZ84VN5lQG","De Do Do Do, De Da Da Da","The Police","Zenyatta Mondatta (Remastered 2003)","?",""
"140u2dqlZbpi4ZLgeolKqA","King Nothing","Metallica","Load","?",""
"1MipNbkvrF7Xd2YfDgpR3v","Share It","Hatfield & The North","The Rotters Club","?",""
"0F8JWFitStLlel68uSLhUX","Oh Lonesome Me","Don Gibson","The Essential Don Gibson","?",""
"6rdcgacHGY5eOMunDvhx83","#1","Nelly, Clipse, Postaboy","Da Derrty Versions: The Re-invention","?",""
"5cKrAGU45Zyx21eC8Jh2gO","Carnaval","Santana","Moonflower","?",""
"1TJX5KxBVqwqPPUPH16MFL","Ballbreaker","AC/DC","Ballbreaker","?",""
"2TKtQAy9VKwq3Kh234uE85","Stone Free","Jimi Hendrix","Are You Experienced","?",""
"0wJoRiX5K5BxlqZTolB2LD","Purple Haze","Jimi Hendrix","Are You Experienced","?",""
"4mKlzy0qaK1c2Qw5e2VqpF","Killer Queen","Queen","Greatest Hits","?",""
"1JSTJqkT5qHq8MDJnJbRE1","Every Breath You Take","The Police","Synchronicity (Remastered 2003)","?",""
"2zYzyRzz6pRmhPzyfMEC8s","Highway to Hell","AC/DC","Highway to Hell","?",""
"1CQqupcyMg7176PPmIVmSj","Renegade","Styx","Pieces Of Eight","?",""
"6cr6UDpkjEaMQ80OjWqEBQ","Sultans of Swing","Dire Straits","Dire Straits","?",""
"78lgmZwycJ3nzsdgmPPGNx","Immigrant Song - Remaster","Led Zeppelin","Led Zeppelin III (Remaster)","?",""
"6EOKwO6WaLal58MSsi6U4W","Eleanor Rigby","The Beatles","Yellow Submarine Songtrack","?",""
"0ju1jP0cSPJ8tmojYBEI89","Danny's Song","Loggins & Messina","The Best: Loggins & Messina Sittin' In Again","?",""
"5L6HNuXN71bfeuKXYtRasF","Walk Like an Egyptian","The Bangles","Different Light (Expanded Edition)","?",""
"5ycVJufpq4ad1mqA5JfNQS","Fighting Gold","Coda","Fighting Gold","?",""
"17ak2L9hb5BXExDRRZ1owi","CRAZY NOISY BIZARRE TOWN","THE DU","CRAZY NOISY BIZARRE TOWN","?",""
"5QKiW2Oogj7T5KoI1Wcl2u","chase","batta","chase","?",""
"6pUzumbsozSwKEaDmDG9E0","last christmas - slowed + reverb","slō, twilight, Tazzy","last christmas - slowed + reverb","?",""
"2FRnf9qhLbvw8fu4IBXx78","Last Christmas","Wham!","LAST CHRISTMAS","?",""
"43aktSsHN3Pgu0dzw3BS5W","Memory Bank","Dyro, Conro","Memory Bank","?",""
"7kUljt0NM5sISL3OGNVxYd","Royalty","Egzod, Maestro Chives","Royalty","?",""
"1lOEAEh1mXRztzDedTx0KT","dying breath","updog","balloon boy","?",""
"2BWvYAUFu7pBDKjfwWf4J6","spearhead","updog","balloon boy","?",""
"6U8OunNdqjWHh6zZzTjiBF","Dear God","Confetti","Dear God","?",""
"30uCmqegKQnH5AbOE51gPD","Ghost","Confetti","Ghost","?",""
"6Nd6ntkzr4t8o1FKPGOSMt","Here I Go Again - 2018 Remaster","Whitesnake","Whitesnake (2018 Remaster)","?",""
"4ulOJhLqbDeBFEbYVX6yjG","Human Condition","Sjowgren","Human Condition","?",""
"28P5HAF0Kll9Xd9dX4qw7A","Eye of the Tiger","Survivor","Eye Of The Tiger","?",""
"5yaEx1flpZmNBiPyAT8iUx","Lost Kitten","Metric","Synthetica (Deluxe Edition)","?",""
"1rbieHTuGFWstwVk9o7Fgr","Banana Man","Tally Hall","Marvin's Marvelous Mechanical Museum","?",""
"1BpKJw4RZxaFB88NE5uxXf","ILoveUIHateU","Playboi Carti","Whole Lotta Red","?",""
"27ctYkjFe2X9r6qG8j6dcs","Summer Breeze","PIPER","Summer Breeze","?",""
"0W9pobrdXIEnjrMusxTn0D","Outside (Hardstyle)","crypvolk","Outside (Hardstyle)","?",""
"7MmG8p0F9N3C4AXdK6o6Eb","Outside (feat. Ellie Goulding)","Calvin Harris, Ellie Goulding","Motion","?",""
"2ISSQPb9LHHiV6ng2NXosL","Beautiful Now","Zedd, Jon Bellion","True Colors","?",""
"369EsdhrnTtKBn9LQYGZvo","Raging on a Sunday","Bohnes","206: Act II","?",""
"2v6eigo5rCplKdlFBJgMPM","JOLT","Unlike Pluto","Fake Smiles, Real Memories","?",""
"6K9Lm4vWUlO7iSr9Yy9JCG","Something Snapped","OwnSystem.exe","Something Snapped","?",""
"4pV6Kx1T9L49PBFwH1g8ca","Aces","dkj","Aces","?",""
"1BrgjqSg9du0lj3TUMLluL","To Hell and Back","Sabaton","Heroes","?",""
"08mG3Y1vljYA6bvDt4Wqkj","Back In Black","AC/DC","Back In Black","?",""
"2wmQfaHp4zbqQkbf5nu5SF","Why We Lose","Cartoon, Jéja, Coleman Trapp","Why We Lose","?",""
"0UhWFmdlrBSmZ7A6bFD8L9","C'est la vie","Weathers","Pillows & Therapy","?",""
"2JqyquFrqaoKt0SRr91meT","Dead Inside","Younger Hunger","Dead Inside","?",""
"2U94Nj4SVS7TNsUiObLWPm","End of It","Friday Pilots Club","End of It","?",""
"0ZdDkK1P1K00Vugp2e8Gfd","Little Poor Me","Layto","Little Poor Me","?",""
"41tvdK0UNp3oNKWDPkg7FO","Doom Du Doom","P1Harmony","HARMONY : ZERO IN","?",""
"35Tb86wKWhFctweaEdsXJE","Precious Time, Glory Days 2018","サイキックラバー","PSYCHIC LOVER 15th Anniversary Re-recording Tracks 〜CRUSH & BUILD〜","?",""
"0e8nrvls4Qqv5Rfa2UhqmO","THATS WHAT I WANT","Lil Nas X","MONTERO","?",""
"4AXAS26dUVTnCnubySfkbv","The Kid I Used to Know","Arrested Youth","Sobville (Episode I)","?",""
"42ZwelVk9yQF4Twt9l43Ba","Feeling Stronger - High Maintenance Remix","MUZZ, Charlotte Colley, High Maintenance","Get Crazy / Feeling Stronger (The Remixes)","?",""
"1xzBco0xcoJEDXktl7Jxrr","Mo Bamba","Sheck Wes","MUDBOY","?",""
"37Nqx7iavZpotJSDXZWbJ3","Girls Want Girls (with Lil Baby)","Drake, Lil Baby","Certified Lover Boy","?",""
"1D3z6HTiQsNmZxjl7F7eoG","m y . l i f e (with 21 Savage & Morray)","J. Cole, 21 Savage, Morray","The Off-Season","?",""
"2XW4DbS6NddZxRPm5rMCeY","God's Plan","Drake","Scary Hours","?",""
"2xTft6GEZeTyWNpdX94rkf","All Eyez On Me","2Pac","All Eyez On Me","?",""
"4KDNRh9Oor80z3XIxdWlui","Bubbly (with Drake & Travis Scott)","Young Thug, Drake, Travis Scott","Punk","?",""
"2igwFfvr1OAGX9SKDCPBwO","Empire State Of Mind","JAŸ-Z, Alicia Keys","The Blueprint 3","?",""
"6IZvVAP7VPPnsGX6bvgkqg","PRIDE.","Kendrick Lamar","DAMN.","?",""
"5yVZEvBORMhBgopVg24nup","Power Of Will","Dynazty","Final Advent (Japan Edition)","?",""
"0aW4RWeGekBfU2NhREc5kL","Do It Like This","P1Harmony","DISHARMONY : FIND OUT","?",""
"3OTClWUY9bf3qVXrR9LNL6","Just Dance","Bad Computer","Just Dance","?",""
"0ePX6rVjeql7Bt1KurTbAG","What, Me Worry?","Portugal. The Man","What, Me Worry?","?",""
"3YeJXuRSNS5FYwOsDu44kD","Dark Knight Dummo (Feat. Travis Scott)","Trippie Redd, Travis Scott","Dark Knight Dummo (Feat. Travis Scott)","?",""
"7KXjTSCq5nL1LoYtL7XAwS","HUMBLE.","Kendrick Lamar","DAMN.","?",""
"7ycWLEP1GsNjVvcjawXz3z","Praise The Lord (Da Shine) (feat. Skepta)","A$AP Rocky, Skepta","TESTING","?",""
"3ee8Jmje8o58CHK66QrVC2","SAD!","XXXTENTACION","?","?",""
"4jvjzW7Hm0yK4LvvE0Paz9","Falling Down - Bonus Track","Lil Peep, XXXTENTACION","Come Over When You're Sober, Pt. 2","?",""
"4BKetvTh5lMcIDlv9tYQgW","Number One (vocal ver.)","Shiro SAGISU","TV Animation BLEACH Original Soundtrack 1","?",""
"17u0o2N543lAoM7jsH2Cbj","Annihilation","Dropgun","Annihilation","?",""
"2xim40vtvxncHJW5BcMrHN","Solo","Prismo","Solo","?",""
"17rhDgnYYryQU4uS71ZxFu","ギターと孤独と蒼い惑星","kessoku band","ギターと孤独と蒼い惑星","?",""
"5mITiijORXibrZ8NNRNzAx","盛者必衰の理、お断り","KANA-BOON","DOPPEL","?",""
"0jpP8AlQLVtaMwA3vQYpYB","青春コンプレックス","kessoku band","青春コンプレックス","?",""
"5hVepr5CHiTGtJY5bP4i5n","No One Like You","Scorpions","Comeblack","?",""
"0qoWHbeL3N2ldLxh4d37Sh","ILY","Panda Eyes","Kiko","?",""
"5TXDeTFVRVY7Cvt0Dw4vWW","Revenge","XXXTENTACION","17","?",""
"0RDqNCRBGrSegk16Avfzuq","Talk that Talk","TWICE","BETWEEN 1&2","?",""
"308Ir17KlNdlrbVLHWhlLe","The Feels","TWICE","Formula of Love: O+T=<3","?",""
"3zhbXKFjUDw40pTYyCgt1Y","What is Love?","TWICE","Summer Nights","?",""
"37ZtpRBkHcaq6hHy0X98zn","I CAN'T STOP ME","TWICE","Eyes Wide Open","?",""
"4vDF7q98GJ46J3AfBkN8SK","青春なんていらないわ","Sangatsu no Phantasia","ガールズブルー・ハッピーサッド","?",""
"0gdfm20JsNWQND7jt9SDqn","三月がずっと続けばいい","Sangatsu no Phantasia","ガールズブルー・ハッピーサッド","?",""
"6LgbWb24tqwQYOz2LznkMD","パステルレイン","Sangatsu no Phantasia","ガールズブルー・ハッピーサッド","?",""
"1IM8x4lxZVOOP9gpQD6c5s","Danse macabre in G Minor, Op. 40","Camille Saint-Saëns, Slovak Radio Symphony Orchestra, Keith Clark","Saint-Saens: Symphony No. 3 / Piano Concerto No. 2","?",""
"6GVdzDWjImo9rFFGQrE6Hc","Gospel of the Throttle","Dima Lancaster, Broken","Gospel of the Throttle","?",""
"0CXnbPmKHFPoXI9d0JXq2f","Your Lie in April - Medley","AmaLee, Dima Lancaster","Your Lie in April - Medley","?",""
"4HwClUHxzTmCgKkfUFPfxU","Play Poker Remix - Remix","SEBii, Maple","Play Poker Remix","?",""
"561jH07mF1jHuk7KlaeF0s","Mockingbird","Eminem","Encore (Deluxe Version)","?",""
"2xcNKsFTcNOyKrlWqIAWCe","Lovesick","Alan Walker, Sophie Simmons","Lovesick","?",""
"54qGyyqtfg5sZuQddMP7Bx","Greenwich in the Sky (Magical Astronomy)","RichaadEB","Greenwich in the Sky (Magical Astronomy)","?",""
"48UPSzbZjgc449aqz8bxox","Californication","Red Hot Chili Peppers","Californication (Deluxe Edition)","?",""
"0hCB0YR03f6AmQaHbwWDe8","Whole Lotta Love - 1990 Remaster","Led Zeppelin","Led Zeppelin II (1994 Remaster)","?",""
"7nwbtLpEq3Cw0YnFNYzkB1","the reason why","Fleeky","the reason why","?",""
"52R7RgCUe091WWS1RUaElC","She Share Story","Linearwave, Tuuh","She Share Story","?",""
"0d28khcov6AiegSCpG5TuT","Feel Good Inc.","Gorillaz, De La Soul","Demon Days","?",""
"0w3nm3bkkaUv03AQ2AReSt","WONDERFUL WONDER","EDOGA-SULLIVAN","NEWS","?",""
"3ECkz4odYU5HCv36zPYRwQ","Go Go Go Go! - Nightcore Version","Felsenstein","Go Go Go Go! (Nightcore Version)","?",""
"5MxNLUsfh7uzROypsoO5qe","Dream On","Aerosmith","Aerosmith","?",""
"2fSmmTjU1IwqwT1Bg6gCNn","Comatose Scenery","Unlike Pluto","Pixelated Oblivion","?",""
"5bPStIgiKb2G1gVWVvKNod","Cold Weather","Unlike Pluto","Pixelated Oblivion","?",""
"7bZvJsBS3TJY2v1zH2Nwsg","Sorry to Bother You","Unlike Pluto","Pixelated Oblivion","?",""
"7MdGMVh0VF9X3GudKunVOc","Crash and Burn","Unlike Pluto","Pixelated Oblivion","?",""
"6Y59BMrMeWGIi5aDux0ya4","Shelf Life","Unlike Pluto","Pixelated Oblivion","?",""
"64gz3xU9mO7MXqBhX4v5sF","It Goes Inside My Head","Unlike Pluto","Pixelated Oblivion","?",""
"1gkQ84ja5mk9ObmWgkfTZA","Smoke in My Heart","Unlike Pluto","Pixelated Oblivion","?",""
"6ZsJJjtDY9AstzAIaZbQkX","Fool's Paradise","Unlike Pluto","Pixelated Oblivion","?",""
"19iKQlJKzGrJUlHgNhdnWY","Harlequin","Unlike Pluto","Pixelated Oblivion","?",""
"0oLf1jYTjCuBJ2olIzu7Mb","I Don't Daydream Anymore","Unlike Pluto","Pixelated Oblivion","?",""
"75Cp8JxyrNeRHbWFk0djRa","Against the Timeline","Unlike Pluto","Pixelated Oblivion","?",""
"7jZirghLup1T5BxbCpJKeH","Digital Junkie","Unlike Pluto","Pixelated Oblivion","?",""
"2UQkAXXS9NORf4X9VRE7vk","Silly How I Feel","Unlike Pluto","Pixelated Oblivion","?",""
"7hbUuHOl7TB6uBYDlbFbvH","I'm Not Surprised","Unlike Pluto","Pixelated Oblivion","?",""
"3ihkdTEe1MLauMTKbeP0G3","Have Fun","Unlike Pluto","Pixelated Oblivion","?",""
"1OZ8kCYGQsasaQzYg8cyyu","Nightmare","Azari","Nightmare","?",""
"39Yp9wwQiSRIDOvrVg7mbk","THE SCOTTS","THE SCOTTS, Travis Scott, Kid Cudi","THE SCOTTS","?",""
"6gBFPUFcJLzWGx4lenP6h2","goosebumps","Travis Scott","Birds In The Trap Sing McKnight","?",""
"3eekarcy7kvN4yt5ZFzltW","HIGHEST IN THE ROOM","Travis Scott","HIGHEST IN THE ROOM","?",""
"7wBJfHzpfI3032CSD7CE2m","STARGAZING","Travis Scott","ASTROWORLD","?",""
"2xLMifQCjDGFmkHkpNLD9h","SICKO MODE","Travis Scott","ASTROWORLD","?",""
"27VDtNAW7BibVKdrIiR1wm","Polonaise brillante No. 1 in D Major, Op. 4","Henryk Wieniawski, James Ehnes, Eduard Laurel","Wieniawski / Sarasate: Violin Showpieces","?",""
"4i3AfdygCIDJ5A1nb9mEPj","Violin Sonata in G Minor, ""Devil's Trill"": III. Allegro assai","Giuseppe Tartini, Ray Chen, Noreen Polera","Virtuoso","?",""
"6pWgRkpqVfxnj3WuIcJ7WP","Cornfield Chase","Hans Zimmer","Interstellar (Original Motion Picture Soundtrack) [Expanded Edition]","?",""
"4Qw1GUG3WWdicrfQTwY4WT","Extraction Point","Hans Zimmer","Call of Duty: Modern Warfare 2 (Original Game Score)","?",""
"099LCe4mKoE1C03mu7IkAW","Burning Town","Nekki Games, Lind Erebros","Shadow Fight 2 (Original Game Soundtrack Vol. 1)","?",""
"1ai6CZYghbvcxEGeedqXoM","Old Sensei","Nekki Games, Lind Erebros","Shadow Fight 2 (Original Game Soundtrack Vol. 1)","?",""
"7tz8iz4gn75vO9pulrnvMk","The Black Warrior","Nekki Games, Lind Erebros","Shadow Fight 2 (Original Game Soundtrack Vol. 1)","?",""
"6yUhIBB9sdLbWyA9tG0sh4","The Ninja in the Night","Nekki Games, Lind Erebros","Shadow Fight 2 (Original Game Soundtrack Vol. 1)","?",""
"3EIUyslJ2oMlrASxP491ZK","The Samurai Spirit","Nekki Games, Lind Erebros","Shadow Fight 2 (Original Game Soundtrack Vol. 1)","?",""
"37lG9VX6XdOSTxQaywTrgt","Theme of Ken","Capcom Sound Team","Street Fighter V Original Soundtrack","?",""
"35wMRSqrHRGOiHxVdSvYI0","Theme of Ryu","Capcom Sound Team","Street Fighter V Original Soundtrack","?",""
"5SDYHewANWlXE90VbOSBcm","Underground Arena -Russia Stage-","Capcom Sound Team","Street Fighter V Original Soundtrack","?",""
"61HiXnzSEHc3lT9BKwWBOx","Bustling Side Street Alternative -China Stage-","Capcom Sound Team","Street Fighter V Original Soundtrack","?",""
"36OKNvaYE8logr8ohVAfy2","Bustling Side Street -China Stage-","Capcom Sound Team","Street Fighter V Original Soundtrack","?",""
"6UjaIJCoHvLUzIDZegPZPn","Main Menu","Capcom Sound Team","Street Fighter V Original Soundtrack","?",""
"1RfRJQlk2f0PNqRknCEybD","Street Fighter V","Capcom Sound Team","Street Fighter V Original Soundtrack","?",""
"4rpNCGbdaDM6gthGNDd5Th","Rise Up -Opening-","Capcom Sound Team","Street Fighter V Original Soundtrack","?",""
"4bDXQxoSlDmLpOsouJbfjk","Black Power (Evil Ryu's Theme)","Capcom Sound Team","Street Fighter Alpha 3 Original Soundtrack","?",""
"30096a5EMOSaF9c2aSa4TH","Ele Te Bota Soca Soca","MC Mazzie, Mc Rd, DJ NpcSize, DJ Wizard","Ele Te Bota Soca Soca","?",""
"0AFydkgl5Creero3gNjqvF","Murders","Miracle Musical","Hawaii: Part II","?",""
"0wGbyS1tExQSwOYu6UceyE","SHADOW","ONIMXRU, SMITHMANE","SHADOW","?",""
"6hGUptTz0hOmkEn1kXvWG0","Mortal Kombat","RichaadEB, LittleVMills","Mortal Kombat","?",""
"4xpHr8qfPhHyD3U07bGo8m","Moonlight Sonata (3rd Movement)","RichaadEB","Moonlight Sonata (3rd Movement)","?",""
"64flSHeka6CUoz8XgCmgiT","Bad Apple!! - English Remaster","RichaadEB, Cristina Vee","Bullet Hell II","?",""
"1ZxDNuzj1nwhLmEu0Bor5Z","ASGORE - 2020 Remaster","RichaadEB","ASGORE (2020 Remaster)","?",""
"3IdWuXAUwqd5wpVPaSUjAo","Deja Vu","RichaadEB, FamilyJules, Jonathan Young","Deja Vu","?",""
"6bWFwvTMcyYDEYBtebOcF3","Night of Fire","RichaadEB, Caleb Hyles, FamilyJules","Night of Fire","?",""
"2Pwm5u7tUXHEQpgXj2oEGq","Gas Gas Gas","RichaadEB, FamilyJules, Jonathan Young, Caleb Hyles","Gas Gas Gas","?",""
"07NaYbTamYbIIRXPlsqfBt","Papermoon","RichaadEB","Papermoon","?",""
"2qAc41nHrAQbESJCGbAMnv","Roundabout","RichaadEB, Caleb Hyles","Roundabout","?",""
"5uSI5k5EQSoPoXqsqVfG3B","Stardust Crusaders","RichaadEB, Sab Irene, insaneintherainmusic, GaMetal","Stardust Crusaders","?",""
"5qPKPPjQ1in4BMlUi4xhQp","Il Vento D'oro","RichaadEB, Insaneintherain, ToxicxEternity, LittleVMills, Lollia","Il Vento D'oro","?",""
"0MN9IiUaBNnvyLWBMezMew","A Cruel Angel's Thesis","RichaadEB, Lollia","A Cruel Angel's Thesis","?",""
"4VBQUvtI4yBjTa7HiIKaY3","Red Sun","RichaadEB, Jonathan Young","Red Sun","?",""
"48HxjBZk7HNuTaaJWHDAql","It Has To Be This Way - Instrumental","RichaadEB","It Has To Be This Way (Instrumental)","?",""
"73w3QhWtnFwFZkIjjW2rbf","The Only Thing I Know For Real","RichaadEB, Tre Watson","The Only Thing I Know For Real","?",""
"79e4JEnxDaWO8pqAk14lM0","Never Miss A Beat","Kaiser Chiefs","Souvenir : The Singles 2004 - 2012","?",""
"5dvBeCMTzUNjyWIcuykzyh","Everyday I Love You Less And Less","Kaiser Chiefs","Employment","?",""
"75D3n6wnFQmu1HVmLAlWM4","I Predict A Riot","Kaiser Chiefs","Employment","?",""
"15X43VSYuozZjpTBxxSPPn","Sinking Sand","Unlike Pluto","Sinking Sand","?",""
"69Sy7207dnixZ6w7RSV9Kb","RISE","League of Legends, Mako, The Word Alive, The Glitch Mob","RISE","?",""
"1b7DozY0xHWXU1T84Lck1z","Ghost Town","Layto, Neoni","Ghost Town","?",""
"3f4fc8c8unrQeKecmUPEDR","Warriors","League of Legends, 2WEI, Edda Hayes","Warriors","?",""
"1vsxgWi9LST87Z26Sog6jR","useless","updog","balloon boy","?",""
"11uvudmvZBzG2ztQsOB5sF","Mortals","Warriyo","Mortals","?",""
"3AayefDdUFxivRs79bX7kV","We Won't Be Alone","Feint, Laura Brehm","We Won't Be Alone","?",""
"3XJWCRqzHi23k0GnJA1Max","Need Your Love (feat. Noah Kahan) - Juelz Remix","Gryffin, Seven Lions, Noah Kahan, Juelz","Need Your Love (feat. Noah Kahan) [Remixes]","?",""
"1vsQb8n0icvMsFnL9663LM","Need Your Love (with Noah Kahan)","Gryffin, Seven Lions, Noah Kahan","Gravity","?",""
"0f3OnMFWmEjOAA9324JL22","Clear","Pusher, MOTHICA","Clear","?",""
"1AP7yzd4qSdKVcupPC827R","Clear - Shawn Wasabi Remix","Pusher, MOTHICA, Shawn Wasabi","Clear","?",""
"2exjecLdCcslCFWFjM4EUg","Better Off Dead","8 Graves","Red","?",""
"2O9hsVDgcwTUWTV8oluw3A","Trndsttr - Lucian Remix","Black Coast, M. Maggie, Lucian","Trndsttr (Lucian Remix)","?",""
"2xTEUfYFy5iChuEgQxQpY2","Vision","Lost Sky","Vision","?",""
"7fdH9c2DRXvoUNZb5awMkc","Wherever You Go","Braken","Wherever You Go","?",""
"3QwAleszkZmjaR8iO6xkgK","Nobody Like You","Direct","Nobody Like You","?",""
"3I0ZKyFRduJK3RlUCU4Vhc","Strangers","Far Out","Strangers","?",""
"71BVolCgpqKTXJnugagrtD","Wings","ReauBeau, Julian Calor, Liss","Wings","?",""
"4hAb4pbqgfgwraiHongYZR","Shiawase","Dion Timmer","Shiawase","?",""
"4DZ1owekDuxYANUMiqe4mA","Rob A Bank","Confetti","Rob A Bank","?",""
"5sYrUmIN7mRyf71ZHBY2Px","Dear God","Confetti","Dear God","?",""
"2vPxgazztrgi8ZYdc9REl0","Intro","Two Feet","Pink","?",""
"6c2cU66rUGwevn9Mblhbxv","Living Proof","Des Rocs","Martyr Parade","?",""
"0AUyNF6iFxMNQsNx2nhtrw","Blood // Water","grandson","Blood // Water","?",""
"7HNVs8eXVBvefAWqKBPr8N","Fall Hard","BRUER","Fall Hard","?",""
"0nC1pxQNPsQwW2keoIFBnx","Nothing Like You (feat. HANA)","Gryffin, DROELOE, HANA","Gravity","?",""
"6inzGTxyGsXVjpVKtFGrcE","Rise Up","TheFatRat","Rise Up","?",""
"67lAc58pjrw9EnXO5qCRjL","I Will Stay","Flux Pavilion, Turin Brakes","I Will Stay","?",""
"6Ph8QwsRfZunN5e1GGBIqa","Hurt","Oliver Tree","Ugly is Beautiful","?",""
"556l9P7WVZVyYUBjT1YFTT","When I'm Down","Whethan, Oliver Tree","When I'm Down","?",""
"0Vc3nfRMdvY5iX6AHVWSMN","It's All on U (T-Mass & LZRD Remix)","ILLENIUM, Liam O'Donnell, T-Mass, LZRD","Ashes (Remixes)","?",""
"55tevo6vHJEn12nzuSdJ6R","It’s All on U","ILLENIUM, Liam O'Donnell","Ashes","?",""
"5kkGFMcYcX1h3sQkyJcLHo","Fairytale","Culture Code, Amanda Collis","Fairytale","?",""
"6ibayfvVOby1NSKJFohtZp","Light It Up","Robin Hustin, TobiMorrow, Jex","Light It Up","?",""
"54OBgO0Xwu20Jak9TMXbR7","Wellerman - Sea Shanty","Nathan Evans","Wellerman (Sea Shanty)","?",""
"46bdsCZKQ93J9RGqlFZpAF","Discord - The Living Tombstone Remix","Caleb Hyles","Discord (The Living Tombstone Remix)","?",""
"7LbAqsgXLBdzXmMEXgCfxc","The Wellerman","Caleb Hyles, Anthony Vincent, Jonathan Young, PelleK, NateWantsToBattle","The Wellerman","?",""
"1EpKvCBKXiJUtU47LFtZ38","Love Like You","Caleb Hyles","Love Like You","?",""
"3FGxcyiDSUDg9ojiQmsplP","Guren No Yumiya - Female English Ver.","Cristina Vee, RichaadEB","Guren No Yumiya (Female English Ver.)","?",""
"6fGoRtDjJZvt5IvVXl0rZy","ICE","MORGENSHTERN","ICE","?",""
"5FVd6KXrgO9B3JPmC8OPst","Do I Wanna Know?","Arctic Monkeys","AM","?",""
"6uF3fb3UxjoVl7Ic781L9N","ICE COLD","Letoa","GLOCSTARR V1","?",""
"4EEjMyQub6tgFVshlM9j1M","Margaritaville","Jimmy Buffett","Changes In Latitudes, Changes In Attitudes","?",""
"6uBhi9gBXWjanegOb2Phh0","Stay","Zedd, Alessia Cara","Stay","?",""
"32SYEk2ksN8iQtz50AtHYj","on the precipice of defeat","Shiro SAGISU","TV Animation BLEACH Original Soundtrack 1","?",""
"5QO79kh1waicV47BqGRL3g","Save Your Tears","The Weeknd","After Hours","?",""
"4xzoa4hMe9bdK45EYU4oMG","Save your tears - Arabic version","Rachid Aseyakhe","Save your tears (Arabic version)","?",""
"6M3JqNkGGSZAHDWg7tVcfk","My Confession","Dan Salvato","Doki Doki Literature Club! (Original Soundtrack)","?",""
"60nZcImufyMA1MKQY3dcCH","Happy - From ""Despicable Me 2""","Pharrell Williams","G I R L","?",""
"4OSBTYWVwsQhGLF9NHvIbR","Rolling in the Deep","Adele","21","?",""
"60a0Rd6pjrkxjPbaKzXjfq","In the End","Linkin Park","Hybrid Theory (Bonus Edition)","?",""
"0Ph6L4l8dYUuXFmb71Ajnd","Livin' la Vida Loca","Ricky Martin","Ricky Martin","?",""
"2WfaOiMkCvy7F5fcp2zZ8L","Take on Me","a-ha","Hunting High and Low","?",""
"2KH16WveTQWT6KOG9Rg6e2","Eye of the Tiger","Survivor","Rocky IV","?",""
"5vdp5UmvTsnMEMESIF2Ym7","Another One Bites The Dust - Remastered 2011","Queen","The Game (2011 Remaster)","?",""
"3z8h0TU7ReDPLIbEnYhWZb","Bohemian Rhapsody","Queen","Bohemian Rhapsody (The Original Soundtrack)","?",""
"0C9jZPUv4SuaXkuEQw6L40","I'm A Believer","Smash Mouth","Smash Mouth","?",""
"3TETmhGNWOcquUTtcr6RIR","The House of the Rising Sun","The Animals","The House of the Rising Sun: Best of The Animals","?",""
"47O5lXcK78Z3TIiGzuc18l","Mr. Sandman","The Chordettes","The Chordettes","?",""
"1di1C0QI6Y92yZPYn6XYAZ","シルエット","KANA-BOON","TIME","?",""
"403EjoWwYSX37paKSySxs1","Silhouette","Pastel Ghost","Silhouette","?",""
"0CCt7uzp4MBYR85wugmkGa","never meant to belong","Shiro SAGISU","TV Animation BLEACH Original Soundtrack 1","?",""
"1aXV8GrmQLvgoFtBPERP7E","Jealous","Eyedress","Jealous","?",""
"0yTGQpPOgcsS8Xqp5bQO58","The Loser","Verzache","The Loser","?",""
"0dOeWxkYb4evlnACFeaKm4","Your Love Is My Drug 8 Bit - Slowed","snoeks","Your Love Is My Drug 8 Bit","?",""
"3RznzRnsl8mzP63l4AF2M7","Dream Sweet in Sea Major","Miracle Musical","Hawaii: Part II","?",""
"0wJ6WnCBHBMUO2ueDFU7DI","L's Theme","RichaadEB","L's Theme","?",""
"41lqyCUFy1jo55MPzY1XTn","uso (fullmetal alchemist lofi)","hinata in luv","uso (fullmetal alchemist lofi)","?",""
"1fewSx2d5KIZ04wsooEBOz","Space Cadet (feat. Gunna)","Metro Boomin, Gunna","NOT ALL HEROES WEAR CAPES (Deluxe)","?",""
"1gGIsWdCbChPOKSYBiSwtz","KAXXED ETERNAL - Gym Version","XIU","KAXXED ETERNAL (Gym Version)","?",""
"4u7EnebtmKWzUH433cf5Qv","Bohemian Rhapsody - Remastered 2011","Queen","A Night At The Opera (2011 Remaster)","?",""
"5eFxwmqKrHpSQDOEIFYlgY","Animal I Have Become","Three Days Grace","One-X","?",""
"6i0V12jOa3mr6uu4WYhUBr","Heathens","Twenty One Pilots","Heathens","?",""
"39m87lOMd5ccENPVvAT7gH","Bismarck","Sabaton","Bismarck","?",""
"0xciXpZztOvubY4bmyLjZG","Harvest of Sorrow - Remastered 2007","Blind Guardian","Nightfall in Middle Earth (Remastered 2007)","?",""
"1SHB1hp6267UK9bJQUxYvO","Судно (Борис Рыжий)","Molchat Doma","Этажи","?",""
"2gLJSeCUtWPcA9LE0mIMZM","Mask Off - Aesthetic Remix","r1vru","Mask Off","?",""
"03n9wapsbqab6S13X5Hb1v","Bir Başkadır Benim Memleketim","Ayten Alpman","Neden Sanki Dünya Dar Gelir İnsana / Son Bir Defa","?",""
"55h7vJchibLdUkxdlX3fK7","Treasure","Bruno Mars","Unorthodox Jukebox","?",""
"76hfruVvmfQbw0eYn1nmeC","Cake By The Ocean","DNCE","DNCE","?",""
"5M8tCPBRAGdAVAyKIaEh9l","In the Blood","Darren Korb, Ashley Barrett","Hades: Original Soundtrack","?",""
"1DwRMXgy4kh5E3KJdX6M10","Omae Wa Mou","Shayne Orok","Omae Wa Mou","?",""
"0lheBnCG6GonaIsznGzGUI","Lament of Orpheus","Darren Korb","Hades: Original Soundtrack","?",""
"6nqHzwOdGIaX57U6VU6kMO","Symphony No. 9 in E Minor, Op. 95, B. 178 ""From the New World"": IV. Allegro con fuoco","Antonín Dvořák, Wiener Philharmoniker, Herbert von Karajan","Dvorák: Symphony No. 9 in E Minor, Op. 95, B. 178 ""From the New World"" / Smetana: The Moldau","?",""
"1LsTYXg7Zt0TY4SF23aIWg","Heart Shaped Box","Neovaii","Closure","?",""
"0I3AULPVegMXTSSWprUH4s","Heart-Shaped Box","Dead Sara","Heart-Shaped Box","?",""
"11LmqTE2naFULdEP94AUBa","Heart-Shaped Box","Nirvana","In Utero (Deluxe Edition)","?",""
"7kaux342y0B446JgJgojAi","Dreams pt. II","Lost Sky, Sara Skinner","Dreams pt. II","?",""
"63T3esk9t3fdmT2jY099XK","Be Gone","Rival, CRVN","Be Gone","?",""
"4IiuExPFijOGZnVxGsKWcc","Seven Nation Army - The Glitch Mob Remix","The White Stripes, The Glitch Mob","Seven Nation Army (The Glitch Mob Remix)","?",""
"3dPQuX8Gs42Y7b454ybpMR","Seven Nation Army","The White Stripes","Elephant","?",""
"3j6s1vr84KzKlpF0QfHzDy","Army","Besomorph, Arcando, Neoni","Army","?",""
"6vQT1Y3MTGCpc31VIF5Ela","Army of the Night","Powerwolf","Blessed & Possessed","?",""
"46MUbxLye12SKBN7xHg3CF","Control","Unknown Brain, Jex, Rival","Control","?",""
"6bN5PBFSID6w7Uhmachnda","Oblivion","Dirty Palm, Micah Martin","Oblivion","?",""
"503OTo2dSqe7qk76rgsbep","Still D.R.E.","Dr. Dre, Snoop Dogg","2001","?",""
"3Ofmpyhv5UAQ70mENzB277","Astronaut In The Ocean","Masked Wolf","Astronaut In The Ocean","?",""
"47UFoOuvrkt4khE7c5aap6","Cradles","Sub Urban","Cradles","?",""
"698ItKASDavgwZ3WjaWjtz","Faded","Alan Walker","Different World","?",""
"4tcg6XoxZZ5q7njPUPlDrG","Roses - Imanbek Remix","SAINt JHN, Imanbek","Roses (Imanbek Remix)","?",""
"0F7FA14euOIX8KcbEturGH","Old Town Road","Lil Nas X","7","?",""
"77YhbyScfTn54dXn0XeIeA","Let Me Carve Your Way","NAOKI, Arc System Works","GUILTY GEAR -STRIVE- ORIGINAL SOUND TRACK VOL.1","?",""
"0PijoCJtD6iTbaLgvVVIPp","From Olympus","Darren Korb","Hades: Original Soundtrack","?",""
"314kpjYUOjVsd5nIAvw4ZV","Wretched Shades","Darren Korb","Hades: Original Soundtrack","?",""
"4FuOHRPC3ZIQ7VQd7KMbds","Out of Tartarus","Darren Korb","Hades: Original Soundtrack","?",""
"5uiqrM9NLgnoAkJeqJqdlt","No Escape","Darren Korb","Hades: Original Soundtrack","?",""
"08chbREcfbCuynGR0RbikE","Zeta Halo","Curtis Schweitzer","Halo Infinite (Original Soundtrack)","?",""
"5BUEoQp2coOaQykaWIk22O","MTR Reunite","Redrockmusic","MTR Reunite","?",""
"0VgkVdmE4gld66l8iyGjgx","Mask Off","Future","FUTURE","?",""
"3CRDbSIZ4r5MsZ0YwxuEkn","Stressed Out","Twenty One Pilots","Blurryface","?",""
"3lsh4fIbGeHZDFovC0InnY","Swing Lynn (Slowed Version)","Harmless","Swing Lynn (Slowed Version)","?",""
"23OXdR7YuUBVWh5hSnYJau","Chlorine","Twenty One Pilots","Trench","?",""
"1TuopWDIuDi1553081zvuU","Resonance","Home","Odyssey","?",""
"1MJ5f5EYBC92ADD6xcz7nb","Chamber Of Reflection","Mac DeMarco","Salad Days","?",""
"0baNzeUcPQnQSagpe8T0mD","worldstar money (interlude)","Joji","In Tongues (Deluxe)","?",""
"4JE6agBLHGA5TaF6FlqfBD","As the World Caves In","Matt Maltese","As the World Caves In","?",""
"0EfsDEYaSjGYd66Pr881nq","Cry Baby","The Neighbourhood","Wiped Out!","?",""
"2QjOHCTQ1Jl3zawyYOpxh6","Sweater Weather","The Neighbourhood","I Love You.","?",""
"6Tsu3OsuMz4KEGKbOYd6A0","Hypnotize - 2007 Remaster","The Notorious B.I.G.","Greatest Hits","?",""
"0IcSLT53eE07Jmok64Ppo3","Space Song","Beach House","Depression Cherry","?",""
"2BHj31ufdEqVK5CkYDp9mA","Mayonaka no Door / Stay With Me","Miki Matsubara","Miki Matsubara Best Collection","?",""
"3x4378ztiLvFmm2nuzEI0C","The Cruel Angel's Thesis (Director's Edit Version)","高橋　洋子","NEON GENESIS EVANGELION (Original Series Soundtrack)","?",""
"3ia8uKWZIDLp8hKm18zuNS","FLY ME TO THE MOON - YOKO TAKAHASHI Acid Bossa Version","Shiro SAGISU, 高橋　洋子","NEON GENESIS EVANGELION (Original Series Soundtrack)","?",""
"1dGF5ymTyBB2ZmOypkeU1F","veil","須田景凪","porte","?",""
"5RhWszHMSKzb7KiXk4Ae0M","One Last Kiss","Hikaru Utada","One Last Kiss","?",""
"7cUHFTxJhxtZ5tpY34SMRw","Stormtroopers","Sabaton","The War to End All Wars","?",""
"11utxTIgUfJaqpePfiVcdz","Be Strong and Hit Stuff","Jeff Williams, Casey Lee Williams","RWBY, Vol. 8 (Music from the Rooster Teeth Series)","?",""
"0JJV36SzVCsdTfQ0UmEcLe","Guts Theme Berserk","Scooby","Guts Theme Berserk","?",""
"36gmehPRUortY6l0bO4DUX","Idontflinch","Witchouse 40k","Idontflinch","?",""
"3vaWFdNEYi9GmKHef49J1D","PRIDE'S NEW MAGIC WAND - X","DJ DEISHA BEATS","PRIDE'S NEW MAGIC WAND","?",""
"0OGX08Dh5ed73eLosy5Cmn","Anime God","Kaito Shoma","Anime God","?",""
"5y5qNTyfvCQ6s230gLSjlv","The Buzz","Hermitude, Mataya, Young Tapz","Dark Night Sweet Light","?",""
"0VhhaYztcRWc7PEjJCjr1g","Ruby","Kaiser Chiefs","Yours Truly, Angry Mob (Deluxe)","?",""
"5deMG1Ko0ycpPVYPwW0yi8","Dance In The Game","ZAQ","Dance In The Game","?",""
"0JyJVPi4IBCgj2wTRKb0yN","Into The Night","YOASOBI","Into the Night","?",""
"3dPtXHP0oXQ4HCWHsOA9js","夜に駆ける","YOASOBI","夜に駆ける","?",""
"6BAnxKyld909yo6Pk1DO3r","Hello","OMFG","Hello","?",""
"3my6Uz9RmXcJB7yEnrth7C","Underground","Tom Waits","Swordfishtrombones","?",""
"2nLtzopw4rPReszdYBJU6h","Numb","Linkin Park","Meteora","?",""
"4nP50Tgd1aKyMWB30Ja2Ko","Rising","Jeff Williams, Casey Lee Williams","RWBY, Vol. 6 (Music from the Rooster Teeth Series)","?",""
"3oehBdFikYlVUoBksLLcki","Armed and Ready (feat. Casey Lee Williams)","Jeff Williams, Casey Lee Williams","RWBY, Vol. 4 (Music from the Rooster Teeth Series)","?",""
"6XvlonZUoCpKoBgGQCUF5a","Let's Just Live (feat. Casey Lee Williams)","Jeff Williams, Casey Lee Williams","RWBY, Vol. 4 (Music from the Rooster Teeth Series)","?",""
"0t7J9sz753KV0mG9OiKrk8","I'm the One (feat. Casey Lee Williams)","Jeff Williams, Casey Lee Williams","RWBY, Vol. 3 (Music from the Rooster Teeth Series)","?",""
"0bL6nye2PGBx20DhVQy6Sx","From Shadows (Black Trailer) [feat. Casey Lee Williams]","Jeff Williams, Casey Lee Williams","RWBY, Vol. 1 (Music from the Rooster Teeth Series)","?",""
"4d6U4j1fC4qbsPKF3OcUcr","I May Fall (feat. Casey Lee Williams)","Jeff Williams, Casey Lee Williams","RWBY, Vol. 1 (Music from the Rooster Teeth Series)","?",""
"1ayNGRbGFU50USY5IBhaWu","From Shadows (feat. Casey Lee Williams)","Jeff Williams, Casey Lee Williams","RWBY, Vol. 1 (Music from the Rooster Teeth Series)","?",""
"65yNr1EO2TOBEYCz45tuOf","It Has To Be This Way - Platinum Mix","Jimmy Gnecco","METAL GEAR RISING REVENGEANCE Vocal Tracks Selection","?",""
"3qSm2aAJAf7vHNStDhXBFs","Collective Consciousness - Maniac Agenda Mix","Jimmy Gnecco","METAL GEAR RISING REVENGEANCE Vocal Tracks Selection","?",""
"4CzR6YrcxWeQDQHtas6Bcl","Red Sun - Maniac Agenda Mix","Jason Charles Miller","METAL GEAR RISING REVENGEANCE Vocal Tracks Selection","?",""
"5LLhdR6qdQvAfSm2C0EYj4","The Stains of Time - Maniac Agenda Mix","Kit Walters","METAL GEAR RISING REVENGEANCE Vocal Tracks Selection","?",""
"29eKlSdk4dmwBgqtwASiFW","A Stranger I Remain - Maniac Agenda Mix","Free Dominguez","METAL GEAR RISING REVENGEANCE Vocal Tracks Selection","?",""
"5ezkLDA74DwQhOROoDp2Pc","Rules of Nature - Platinum Mix","Jason Charles Miller","METAL GEAR RISING REVENGEANCE Vocal Tracks Selection","?",""
"0AdfjZjynCi5aVfKcaxGvW","Leave Me Alone","I DONT KNOW HOW BUT THEY FOUND ME","Leave Me Alone","?",""
"2dPe9cYwR1oWclYqs8fIlY","I Burn (feat. Casey Lee Williams & Lamar Hall)","Jeff Williams, Casey Lee Williams, Lamar Hall","RWBY, Vol. 1 (Music from the Rooster Teeth Series)","?",""
"6y87Q8nkhHP2YqowavLdPA","The Only Thing I Know For Real - Maniac Agenda Mix","Tyson Yen","METAL GEAR RISING REVENGEANCE Vocal Tracks Selection","?",""
"56zcFyEFlOhfD6yAdvCQIU","That's What She Said","Unlike Pluto","Messy Mind","?",""
"1z4p3PBQo8ARGgQIOn0Esk","Mindless Bliss","Unlike Pluto","Messy Mind","?",""
"76mHotIU19teRXTwSAkARX","Yippee Ki Yay","Unlike Pluto","Messy Mind","?",""
"0ddFKzTLDwqRS5ywp8aABb","Broken String","Unlike Pluto","Messy Mind","?",""
"5FGOw5SKk2dpuPLR5ZhRnA","Gaze","Unlike Pluto","Messy Mind","?",""
"0sNFZCkUZc8FZ2csfckxSR","Lullaby","Unlike Pluto","Messy Mind","?",""
"4WbjCyk3TatF0NibjnVCvG","Starlight","Unlike Pluto","Messy Mind","?",""
"5EjozPMy3zGQ5wsX3jxax3","8 Legged Dreams","Unlike Pluto","Messy Mind","?",""
"5Msp7XlWAYQhK4khlfzMPL","This Will Be the Day (feat. Casey Lee Williams)","Jeff Williams, Casey Lee Williams","RWBY, Vol. 1 (Music from the Rooster Teeth Series)","?",""
"5FP9odC0iHedYckaTEqvYv","Shine","Jeff Williams, Casey Lee Williams","RWBY, Vol. 2 (Music from the Rooster Teeth Series)","?",""
"4kJGMB8adPmyYpRExgyOGO","Sacrifice","Jeff Williams, Casey Lee Williams","RWBY, Vol. 2 (Music from the Rooster Teeth Series)","?",""
"26RZ9IiS43wy5oMQoAys0o","Die","Jeff Williams, Casey Lee Williams","RWBY, Vol. 2 (Music from the Rooster Teeth Series)","?",""
"2gCA0QBGcKMITXArKOMwoV","Caffeine (feat. Lamar Hall)","Jeff Williams, Casey Lee Williams, Lamar Hall","RWBY, Vol. 2 (Music from the Rooster Teeth Series)","?",""
"0eDCe3Y8fMzdCbfrUR0giO","Time to Say Goodbye","Jeff Williams, Casey Lee Williams","RWBY, Vol. 2 (Music from the Rooster Teeth Series)","?",""
"1nkpXkr1Qacmp2BPd6mgct","Deja Reve","GG Magree","Deja Reve","?",""
"2UKgx2oba7CltHLACr3xdT","At Doom's Gate","Mick Gordon","Doom (Original Game Soundtrack)","?",""
"1HscfKGTRpbWKQR0DaAFCF","Graze The Roof","ImRuscelOfficial, Madalyn Music, LBlevinsMusic, Nico Mendoza, Joe Di Fiore, Nathan Banegas, Linus Kühl","Reeds and Seeds","?",""
"51Fjme0JiitpyXKuyQiCDo","Lalala","Y2K, bbno$","Lalala","?",""
"5YOsmPIHZjXKi6LF0IoHRO","Go Cry Go (Overlord) [feat. Romi]","Mattyyym, Romi","Go Cry Go (Overlord) [feat. Romi]","?",""
"1Wh65eWI9v6yg44NJhy7BU","Clattanoia (From ""Overlord"")","MattxAJ","Season 1","?",""
"6DQgVAFIpmbXcJoRZbXRLc","Clattanoia","OxT","Hello New World","?",""
"6nVIKrgE7lIlgLPbJ6l29f","VORACITY","MYTH & ROID","MYTH & ROID ベストアルバム「MUSEUM-THE BEST OF MYTH & ROID-」","?",""
"63ACeOcZJIyY3dGc6flX4R","Voracity","Selphius","Voracity","?",""
"4Kpq8aENsPH0lt3xPF97WY","OVERLORD 3 OP - VORACITY","Raon","OVERLORD 3 OP - VORACITY","?",""
"2NCKZeWIu9lqUDfeLKAzfM","Pixel Pig","Di Young","Pixel Pig","?",""
"6LtZ2QbtwCTDek3CGPgy83","Tool","Maretu","SIU","?",""
"2USlegnFJLrVLpoVfPimKB","Thunder","Gabry Ponte, LUM!X, Prezioso","Thunder","?",""
"5aXTfpNOqLj35ydEiLio67","Follow","Martin Garrix, Zedd","Follow","?",""
"7lQ8MOhq6IN2w8EYcFNSUk","Without Me","Eminem","The Eminem Show","?",""
"0KQ1LhU7vGiXqn7eAw1nfl","Monster","Meg & Dia","Something Real & Here, Here and Here","?",""
"56nLHj9HJr3xpbLarnr0l4","Mtc","S3RL","Mtc","?",""
"5dg6bzIkAox8IOr47KdN9R","Rockefeller Street","LA Nightcore","Rockefeller Street","?",""
"7JFqqcoBJtVQudCVnj6nfa","Night of Nights Nitro","Nick Nitro","Night of Nights Nitro","?",""
"23COHsoGsY4zDb5xrSocJo","ナイト・オブ・ナイツ","ビートまりお","オールナイト・オブ・ナイツ","?",""
"1c7IRPoWNIMLGrFgit8QXk","Night of Fire - Extended mix","Niko, Bratt Sinclaire","Bratt Sinclaire Eurobeat Style, Vol.7","?",""
"7H64irbLV8McpcaK2KUnUg","Night of Nights","RichaadEB","Bullet Hell II","?",""
"2OgHBcWrsQUwnZi5atxPFF","Night of Nights","RichaadEB","Night of Nights","?",""
"5P1BZpdmaVFm0OwPbWe5Dz","Everything will freeze -Guitar Instrumental-","UNDEAD CORPORATION DOUJIN WORKS","暴君","?",""
"3oM8s8hnrh6xjKv1iycJaZ","sad4whattt - From ""Euphoria"" An HBO Original Series","ericdoa","sad4whattt (From ""Euphoria"" An HBO Original Series)","?",""
"5aNrrMgzrA7CCuGQJC3iVu","PRINCE OF DARKNESS - Slowed + Reverb","SHADXWBXRN, ARCHEZ, KXNVRA","PRINCE OF DARKNESS (Slowed + Reverb)","?",""
"6a0G8hYEyxqvEkebVLU5VK","しかばねの踊り","Kikuo","きくおミク3","?",""
"1BGdFvx6VrWmVkvKsOkqwd","One Day","josque, enisbrv, zip","One Day","?",""
"4s71elRxOvcug6epixWZir","presenter","Nakuru Aitsuki","Nacollection!!2","?",""
"3PfIrDoz19wz7qK7tYeu62","Don't Start Now","Dua Lipa","Future Nostalgia","?",""
"0DrDcqWpokMlhKYJSwoT4B","Don't Stop Me Now","Queen","Discover More Classic Rock","?",""
"4UPR9dSw2YcvJQAGJKPwCk","ファティマ","いとうかなこ","ファティマ(TVアニメ「シュタインズ・ゲート ゼロ」OPテーマ)","?",""
"2Anpk7AihEt38POoMEDqRb","Tokyo","Leat'eq","Tokyo","?",""
"2P8MOT07PrPiTjqNPKWVsp","The Edge","Grant, Nevve","The Edge","?",""
"4uDhts78RdwIDjEqPrYVKp","Sweet Dreams","Alan Walker, Imanbek","Sweet Dreams","?",""
"3Mrd6U5HDnM8LuzCM3emJE","Lagtrain","Will Stetson","Rainy Tunes","?",""
"0rGHClzF0yuOMlXiYQImdl","Lost Umbrella - Lofi Remix","Venvn","Lost Umbrella (Lofi Remix)","?",""
"0nQnKhRw2QQGzZWld3Urav","Industry E.T.","Felax","Cerberus","?",""
"3ty4jnVIJ9My8ZnXFMc0Fg","愛して 愛して 愛して","Kikuo","きくおミク3","?",""
"2DGa7iaidT5s0qnINlwMjJ","The Spectre","Alan Walker","The Spectre","?",""
"61k7xAKMsuvTf2j2YnieSi","Sky High","Elektronomia","Sky High","?",""
"4wMRo12qupmGNj0sh341xb","Nova","Ahrix","Nova","?",""
"5iRVNYbhfWNO2VzBykX7GS","Xenogenesis","TheFatRat","Xenogenesis","?",""
"47qYqGPgMTh3l1PRKBHEfI","Unity","TheFatRat","Unity","?",""
"4kT18i0w2ZYeLTFPdpkihT","Dum Dee Dum","Keys N Krates","Dum Dee Dum","?",""
"5FySwjQBBoMFA41spcElmT","I'd Love To Change The World - Matstubs Remix","Jetta, Matstubs","Best of 2021 Gaming","?",""
"6XpA6R9pRVgZcjarViwOm0","The Painful Way","Darren Korb","Hades: Original Soundtrack","?",""
"5SuOikwiRyPMVoIQDJUgSV","Comedy","Gen Hoshino","Comedy","?",""
"7DvoAM2TXVQLUrlOKlV3Yr","Lost Umbrella","Mountain Johnson","Lost Umbrella","?",""
"4LqoTOEOjuVwQIilMklW1g","Lost Umbrella","enisbrv, Özer Sama, josque","Lost Umbrella","?",""
"2zAi85TQB7mLzl8P1ySAj9","Lost Umbrella","INABAKUMORI","ANTICYCLONE","?",""
"7tkfkqKfWtU1GIoV9IY9rQ","気分上々↑↑","Mihimaru GT","mihimagic","?",""
"2RezHvfMvtJRhpv2ydRveX","Looking Back","Sora The Troll","Sora The Troll's MUSIC","?",""
"0ADLrEpF2mExIdp1UdfZco","I don't have a life","Sora The Troll","Sora The Troll's MUSIC","?",""
"1RoFfQ09sUWX4DiF3UR1MZ","Good-bye","Sora The Troll","Sora The Troll's MUSIC","?",""
"4SbyiubEhTFgAwyU8eJCYw","Girlfriend plz","Sora The Troll","Sora The Troll's MUSIC","?",""
"1WXHmPykmDgi4zdK6XYEBC","Chiki Chiki Bam Bam (Paripi Koumei: Ya Boy Kongming!)","ShiroNeko","Chiki Chiki Bam Bam (Paripi Koumei: Ya Boy Kongming!)","?",""
"5V1bKI60cPKn4K4g0y8EV1","チキチキバンバン - TV Ver.","QUEENDOM","チキチキバンバン (TV Ver.)","?",""
"7zbfS30vKiHU8oBs6Wi1Qp","勘冴えて悔しいわ","ZUTOMAYO","潜潜話","?",""
"2g97rxHPlXpw1nSu7yvOIp","Revenge, And a Little More","Unlike Pluto","Pluto Tapes: Volume 3","?",""
"4cPnNnTMkJ6soUOUzEtmcp","Last Surprise","Lyn, ATLUS Sound Team, ATLUS GAME MUSIC","PERSONA5 ORIGINAL SOUNDTRACK","?",""
"0DiWol3AO6WpXZgp0goxAV","One More Time","Daft Punk","Discovery","?",""
"1pKYYY0dkg23sQQXi0Q5zN","Around the World","Daft Punk","Homework","?",""
"5W3cjX2J3tjhG8zb6u0qHn","Harder, Better, Faster, Stronger","Daft Punk","Discovery","?",""
"18PEZBX1d4r1oqblWFMnai","ラブ・ドラマティック","白銀御行(CV:古川慎), 四宮かぐや(CV:古賀葵)","KAGUYA ULTRA BEST","?",""
"31E8YKD0j4cI1R0gfocCtb","チカっとチカ千花っ","藤原千花(CV:小原好美)","KAGUYA ULTRA BEST","?",""
"4OzT5b0hFDwjLxjYn10TBm","Superstar","Superdiesel","Superstar","?",""
"4BGnCo26rEG1VWa8pQCDTe","Say No More","Superdiesel","Elevate","?",""
"13qjycCLStZb9sJje6v0MC","Red Like Roses - Part II (feat. Casey Lee Williams & Sandy Casey)","Jeff Williams, Casey Lee Williams, Sandy Casey","RWBY, Vol. 1 (Music from the Rooster Teeth Series)","?",""
"4cMbzVKpNiQui2auZROwZA","Bad Apple!! - Japanese Remaster","RichaadEB, Cristina Vee","Bullet Hell II","?",""
"5lJH3o6AFW9Aig1CdRdAF1","Crossfire","Stephen","Sincerely","?",""
"2F0V2ZtysDji16KdnRYnno","Street Fight","Adam Jensen","Street Fight","?",""
"424GDxARRXRaZ7Mla9EDI2","The Mystic","Adam Jensen","The Mystic","?",""
"3aauaXWRgwCMoykMbI0Jq1","I Feel Like I'm Drowning","Two Feet","A 20 Something Fuck","?",""
"4NZrZgrRoR4GwR7flWOXRI","Go Fuck Yourself","Two Feet","First Steps","?",""
"0ekGJQiqn1DzeZ3w5AsBoH","KISS OF DEATH（Produced by HYDE）","Mika Nakashima","Yuki No Hana 15th Anniversary Best Bible","?",""
"5HWZssXRimJk3wvzxHvzMi","Don't Start Now (Nightcore)","Syrex","Nightcore Gaming Music Vol 3","?",""
"0h0QnpNYX8ztRLZlr2mdvr","Fukashigi no Carte","Selphius","Fukashigi no Carte","?",""
"4TQcARE7Fd58akNhr3N7AE","Twisted","MISSIO","Loner","?",""
"7I7K394sitCyan5ileCCye","Crash and Burn","Unlike Pluto","Crash and Burn","?",""
"0oeJggCu57OkG5lhSS3Z23","Kamado Tanjirou no Uta (From ""Demon Slayer: Kimetsu no Yaiba"") - Full version","ShiroNeko","Kamado Tanjirou no Uta (From ""Demon Slayer: Kimetsu no Yaiba"") [Full version]","?",""
"4yIGotxZpHNGygRtshC0Jb","DADDY! DADDY! DO! (Kaguya-sama: Love is War Season 2 Opening)","Dima Lancaster, ShiroNeko, Sati Akura","DADDY! DADDY! DO! (Kaguya-sama: Love is War Season 2 Opening)","?",""
"5VF8g5lSo5NZh5MxemlqLr","Love Dramatic (Kaguya-sama: Love is War)","ShiroNeko","Love Dramatic (Kaguya-sama: Love is War)","?",""
"1xCC50duOWjuPQmFC0Zntn","Immortal Flame","Panda Eyes, Teminite, Anna Yvette","Immortal Flame","?",""
"2mbc2h0S6vizR0LHxewhBb","Highscore","Panda Eyes, Teminite","KIKO","?",""
"7LqQO6uWQHDEue1ejeUVhF","Rising Hope","LiSA","Launcher","?",""
"23BEJWSkNjoTNA94sT9sxD","Linked","Jim Yosef, Anna Yvette","Linked","?",""
"5ECvQ7ETyg2OkxCsoMoOWy","Red Line","Anna Yvette","Red Line","?",""
"5LkXbsGXHjqgoDWRfb6zqr","3-bun 29-byou (86 Eighty Six)","Nordex","3-bun 29-byou (86 Eighty Six)","?",""
"2NyujP3B2W1RpTfI5LzvEW","Frozen One","Dance Gavin Dance","Mothership","?",""
"6v8fX5yXd15H3xSyvVvJ5e","ラグトレイン","INABAKUMORI","ラグトレイン","?",""
"6Ys5Xmyl13GuzVWDOqZlcL","ノスタルジア・オブ・アイランド","Tatsuro Yamashita","PACIFIC","?",""
"7FkRYagsputznl3OUdA4qw","LOVE SPACE","flex life","SPARKLE/LOVE SPACE","?",""
"2vX97IafvBPXQ6xUTAWErl","Sadness and Sorrow","Kato","2am Otaku","?",""
"2TO37sgDB8SCOuAf3dXm2r","Spirited Away (One Summer's Day)","Kato","Ghibli Vibes","?",""
"025Vhjjp9208xPOBcU6pwQ","Konoha Peace (Naruto) - Lofi Version","Shoyo, Kenma","Konoha Peace (Naruto) [Lofi Version]","?",""
"1aZmrST6ppqWbi0bwbwlOj","Coco","pewdiepie","Coco","?",""
"7xnElMPFCmSlMJ0AY2hnxc","Dead To Me - Slow + Reverb","Whales, Fraxo, Lox Chatterbox","Dead To Me Slow + Reverb","?",""
"2pQTzl0XRAiOodA1QPtTk9","GOLDEN WIND!","mol$, MC Virgins","HAREM","?",""
"5pBIavXhjzTi0u7pkOK71N","フォニイ","ツミキ, Kafu","KAF+YOU KAFU COMPILATION ALBUM シンメトリー","?",""
"0OGw7V8wAI6OsZIQ12JkTP","Black Rover","VK Blanka","wizard","?",""
"2y7f8qkrgIqY5KsfPNcuix","Black Catcher","VK Blanka","Devil","?",""
"0dnkpPwcHK8UIZXhhN86Ss","Black Rover","Will Stetson","Swing Arrangements Volume 1","?",""
"7tcO8yUm7KrWnS00MZO0k9","Lag Train - Lofi Remix","Venvn, jian lofi","Lag Train (Lofi Remix)","?",""
"3Pyb7rYWBsRL24vmdlzlxk","Assassin's Creed III Main Theme","Lorne Balfe, Assassin's Creed","Assassin's Creed 3 (Original Game Soundtrack)","?",""
"3cwtSvRlnlHHWpjjAvGfL8","Assassin's Creed Rogue Main Theme","Elitsa Alexandrova, Jesper Kyd, Assassin's Creed","Assassin's Creed Rogue (Original Game Soundtrack)","?",""
"3imd2WJDPDoIOyqDmw3plc","YES MOM","Tessa Violet","YES MOM","?",""
"0qMip0B2D4ePEjBJvAtYre","紅蓮華","LiSA","LEO-NiNE","?",""
"1N39dPzIxDWzscoYwz8GWp","Spin and Burst","Yasuharu Takanashi, YAIBA","BORUTO -NARUTO THE MOVIE- Original Soundtrack","?",""
"6USQ4Uegp75QOleSdgwIib","Stay Too Long - Pendulum Remix","Plan B, Pendulum","Stay Too Long (Pendulum Remix)","?",""
"2sxRUOzDk6GGWi0rEfiwLE","Battle Royale feat. Panther - VIP Mix","Apashe, Panther","Battle Royale","?",""
"0jRDsrYMKb2wqCgjqVMDTi","Fighting Gold (From ""Jojo's Bizarre Adventure: Golden Wind"")","Miura Jam","Fighting Gold (From ""Jojo's Bizarre Adventure: Golden Wind"")","?",""
"3JTjLyrnevl9ASw3ayGO2P","GUY.exe","Superfruit","Future Friends","?",""
"1xsExFad0m5ikHaejXZrcA","Stardust Crusaders","Yugo Kanno","JOJO'S BIZARRE ADVENTURE -Stardust Crusaders O.S.T [Departure]","?",""
"2XpV9sHBexcNrz0Gyf3l18","ブルーバード","Ikimonogakari","Chou Ikimonobakari Tennen Kinen Members Best Selection","?",""
"1yvqnZc7RjuPyvvfblg9sv","Fairy Fountain","Amy Turk","Fairy Fountain","?",""
"1Ub6VfiTXgyV8HnsfzrZzC","Great Days","Karen Aoki, ハセガワダイスケ","Great Days","?",""
"3BSPKTravgBDjmuG1rIXvw","BLOODY STREAM","Coda","BLOODY STREAM","?",""
"08q2CrXYf1ZaMbcKViPdVA","JOJO SONO CHINO SADAME","Hiroaki Tommy Tominaga","JOJO SONO CHINO SADAME","?",""
"0cktV1KPdFmeMqBJEJBaJS","Stand Proud Lofi (JoJo's Bizarre Adventure)","Takutify","Stand Proud Lofi (JoJo's Bizarre Adventure)","?",""
"3OqPSJsqe4LvcaVl7G6vV3","STAND PROUD","Jin Hashimoto","STAND PROUD","?",""
"6j52RYaum2Z6h1PJ1cmPT7","ジョジョ〜その血の運命〜","Shoko Nakagawa","「TOKYO SHOKO☆LAND 2014 〜RPG的 未知の記憶〜」しょこたん☆かばー番外編 Produced by Kohei Tanaka","?",""
"5Zf25eS8E1znm9mez4cGsm","Reflections","Toshifumi Hinata","ひとつぶの海","?",""
"2Q3ybQzWPlfcrDHfIvunrf","Lofi Sleep, Chill & Study Beats / Genshin Impact","Ajotabeats","Lofi Sleep, Chill & Study Beats / Genshin Impact","?",""
"2aDTwT8kH5tgxXH7nr1MGN","Let the Living Beware - Hu Tao Theme","tnbee","Hu Tao Mix Collection (From ""Genshin Impact"")","?",""
"3ROCJlR5o9k0XK5xrAqfhT","Genshin Impact - Lofi Remix","Peng Lexer","Genshin Impact (Lofi Remix)","?",""
"562AYFTpu1TPvDy1EokBOw","ホタルノヒカリ（第103話〜第128話）","Kanako","熱烈！アニソン魂 THE BEST カバー楽曲集 TVアニメシリーズ「NARUTO」 vol.5 [疾風伝 第1話～第281話 主題歌OP 編]","?",""
"1EXiJBPQNM8bCHhb5r3qqB","Betty Boop (Electro Swing)","Betty Booom","Betty Boop (Electro Swing)","?",""
"0zyj9Kul4n7VYm1mQ7ySN1","Quicksand","Caro Emerald","Electro Swing 8 by Bart&Baker: The Best Electronic Jazz Swing Music Selection (with Jazz Radio)","?",""
"6qFWuv1hz6ur7Nd5jQujDY","Fly High (From ""Haikyuu"") - Lofi Remix","Kenma","Fly High (From ""Haikyuu"") [Lofi Remix]","?",""
"640GYv0XyB1r9QsylKGFOi","Unravel but is it okay if it's lofi?","Kijugo","Unravel but is it okay if it's lofi?","?",""
"5AhaJ2oPmZ4ZpXquuS7vyb","Black Catcher but is it okay if it's lofi?","Kijugo","Black Catcher but is it okay if it's lofi?","?",""
"6p7LCmClblM4MBjn4zaCW7","Kiss of Death but is it okay if it's lofi?","Kijugo","Kiss of Death but is it okay if it's lofi?","?",""
"58mFTXwoEKzZUmofAYoCV2","Shinzo wo Sasageyo but is it okay if it's lofi?","Kijugo","Shinzo wo Sasageyo but is it okay if it's lofi?","?",""
"1YvLvyEHEUv6xuablK3kpj","空と虚","sasanomaly","空と虚","?",""
"3KhwEuqLNjHfsKaBDo1yVh","Boku no Sensou","Shinsei Kamattechan","Boku no Sensou","?",""
"31IsUHGCy44gncBTDw0FZF","Treasure Pleasure","GRANRODEO","Treasure Pleasure","?",""
"0yVAiUe3BXRwgfQnBQcXGO","fairy fountain (zelda lofi)","demonic scholar","fairy fountain (zelda lofi)","?",""
"2RaFzNe2AivvaepJ1IkTfb","Blue Bird (From Naruto Shippuden) - Lofi Remix","Kenma","Blue Bird (From Naruto Shippuden) [Lofi Remix]","?",""
"7tdBXBfqfXSWpMaMA8QaES","DADDY ! DADDY ! DO !","Masayuki Suzuki, Airi Suzuki","All Time Rock 'n' Roll","?",""
"3V1YBP3AaOB0zIhmImmBZY","Love Dramatic (From ""Kaguya-sama: Love is War"")","Miura Jam","Love Dramatic (From ""Kaguya-sama: Love is War"")","?",""
"2TQve4B4jpyUqvxDHzNZAu","Kokuten (Sasuke's Epic Theme from Naruto)","Nico Bellisario","Kokuten (Sasuke's Epic Theme from Naruto)","?",""
"4c2wdAMuL7KkGVeyRqmYQu","The Weekend - Radio Edit","Michael Gray","The Weekend","?",""
"46Xt2hKFz0R8RiqNPO1ato","Star (Voice English Ver.)","LOONA","[12:00]","?",""
"7v8wKvNQQIxkugCFFjrkaO","残響散歌","Aimer","残響散歌","?",""
"3Nv1oNLEfPpNJqyl6xc65Z","天上天下","みゆな","天上天下","?",""
"7iDWYI8wCQ1DIH9C2LMJ87","Grandeur (Black Clover)","Miura Jam","Grandeur (Black Clover)","?",""
"5RXmLhscstsdvWPN0XtUa0","Black Catcher","VK Blanka","Black Catcher","?",""
"10qbHF920zH5K8C8IcE5AL","Turbo Killer","Carpenter Brut","TRILOGY","?",""
"6KxA7c3ZZqVzpJegmNWNP5","Zankyou Sanka (Demon Slayer: Kimetsu no Yaiba Season 2)","ShiroNeko","Zankyou Sanka (Demon Slayer: Kimetsu no Yaiba Season 2)","?",""
"3R4xFgZTREwr3zf4281mEx","Zankyou Zanka (残響散歌) [Demon Slayer: Kimetsu no Yaiba Season 2 Entertainment District Arc Opening] - Instrumental","Jonatan King","Zankyou Zanka (残響散歌) [Demon Slayer: Kimetsu no Yaiba Season 2 Entertainment District Arc Opening] [Instrumental]","?",""
"21lMusRSnLP1ieY0CKXk8a","Elder flower","大西亜玖璃","Elder flower","?",""
"2gSkvrwfCXCgqeugzezn97","廻廻奇譚","Eve","廻廻奇譚","?",""
"3D9yweVjHsSyfINp2Kbyx8","ガムシャラ","みゆな","ガムシャラ","?",""
"43mYkyCNImlhbdY3CjQ5od","The Rising Fighting Spirit (From ""Naruto"")","Guitarrista de Atena, Arthur Diniz","The Rising Fighting Spirit (From ""Naruto"")","?",""
"0Lv8nIY6aeJfERMDVTBKHb","Siesta","Weki Meki","I AM ME.","?",""
"52CBUrIdyf8tbZaUY9iawE","After School","Weeekly","We play","?",""
"7FKeWMdGQUQ4JdVGEHzM2r","Fool","Kaito Shoma","Fool","?",""
"6UrML9LyuaBWgZV3nFLLGl","SWEET SUMMER DAY","TWICE","MORE & MORE","?",""
"3KCreWc88InXH3XuL54C5a","HELL IN HEAVEN","TWICE","Eyes Wide Open","?",""
"3HVbbhh4Rwd0gHtSB0P2xN","SUNSET","TWICE","The year of ""YES""","?",""
"1foMv2HQwfQ2vntFf9HFeG","Rhinestone Eyes","Gorillaz","Plastic Beach","?",""
"6AbVJjzv7thIvmMCuhZrmK","Make It Bun Dem","Skrillex, Damian ""Jr Gong"" Marley","Make It Bun Dem","?",""
"3Ro1AMjH9qdY3ZTWfxIFpN","Edge of Night","Pentakill, Jorn","III: Lost Chapter","?",""
"3xlEcJhjHkjsKbREZAQoGc","I Don't Wanna Know","Weathers","I Don't Wanna Know","?",""
"3Zdp1tkV0qP36Wor9cUPwj","Ｏ2","ORANGE RANGE","All the Singles","?",""
"0Ym4eG0q4UY7K3kWP3ZBcj","billie eilish","lilbubblegum, Ciscaux","billie eilish","?",""
"1jsJAtrQtTWD44LW9QokDR","guap","lilbubblegum, Letoa","guap","?",""
"3PIqcYKTiplGvAcqv4I0aN","af1","lilbubblegum","af1","?",""
"2XTNng3KSth6MNRzHGspnO","Ash Kaashh","1nonly, lilbubblegum","Ash Kaashh","?",""
"2WYs5LxOZfEyURXu7V0O1a","Stay With Me","1nonly","Stay With Me","?",""
"1zCQXSnLkfXq3TzMLr6pWf","Shakira!","1nonly, EGOVERT","Shakira!","?",""
"7KVBqGLGhrEejVokzYd8vF","Bunny Girl","1nonly, Ciscaux","Bunny Girl","?",""
"7Ah0qedQ2ik9dC9ZoXYT5O","ブルーバード（第54話〜第77話）","Yuko Koura","熱烈！アニソン魂 THE BEST カバー楽曲集 TVアニメシリーズ「NARUTO」 vol.5 [疾風伝 第1話～第281話 主題歌OP 編]","?",""
"7LqRjCKrzXuAWOtbZinE4I","神様はじめました","Hanae","神様はじめました／神様お願い","?",""
"5Uf5InntvTkZ6QAAaET94V","The Last","Yasuharu Takanashi, YAIBA","THE LAST -NARUTO THE MOVIE- Original Soundtrack","?",""
"54eGNQCFTHq0q9dCCsPe4P","In My Sword I Trust","Ensiferum","Unsung Heroes","?",""
"145wBbokDZTFZLFHOtZrzG","LOST IN PARADISE","ALI, AKLO","LOST IN PARADISE","?",""
"4jVBIpuOiMj1crqd8LoCrJ","FRANCHISE (feat. Young Thug & M.I.A.)","Travis Scott, Young Thug, M.I.A.","FRANCHISE (feat. Young Thug & M.I.A.)","?",""
"4jTagpQbVMfhgJNljUq4w5","Fukashigi no Carte - Lofi Version","Kenma","Fukashigi no Carte (Lofi Version)","?",""
"0UNIPFUn2MnhpKp7VJiYAH","Fukashigi no Carte","Selphius","Shinsekai PLUS","?",""
"77xG1B7ZKvmaYSeX6dH9VD","Gyro Zeppeli","Friedrich Habetler","Gyro Zeppeli","?",""
"7DFd3FrmUA6LPz4b5z5k2p","Steel Ball Run Johnny Joestar Theme","Friedrich Habetler","Steel Ball Run Johnny Joestar Theme","?",""
"0cjoGDVKjRsXNVCzWeiJ7r","究極の聖戦バトル","Friedrich Habetler","究極の聖戦バトル","?",""
"22pAgirGBpYi0nhX4sTDtf","Ultimate Battle","Friedrich Habetler","Ultimate Battle","?",""
"3GAkqaCeVaT4CxHR06Eztc","Dirty Little Animals (from the series Arcane League of Legends)","BONES UK","Arcane League of Legends (Soundtrack from the Animated Series)","?",""
"7AubiSIXSff0UEY0b4Z1xw","Driftveil City","RichaadEB","Driftveil City","?",""
"0W43LnKXzRivi0WPaoBLVO","Rasputin","Turisas","Rasputin","?",""
"3eeVoTxvffZVmfJDDbcpSA","It Gets Worse","Mindless Self Indulgence","How I Learned to Stop Giving a Shit and Love Mindless Self Indulgence","?",""
"1r9xUipOqoNwggBpENDsvJ","Enemy (with JID) - from the series Arcane League of Legends","Imagine Dragons, JID, Arcane, League of Legends","Enemy (with JID) [from the series Arcane League of Legends]","?",""
"6xRK103p6gJYRMf1knKanW","Peur des filles - Montmartre Remix","L'Impératrice, MONTMARTRE","Peur des filles (Montmartre Remix)","?",""
"3FYDqY5BRtx3IVSaiQZSze","悲しみがとまらない　I CAN'T STOP THE LONELINESS","Anri","Timely!!","?",""
"7KYzARBusZhyZ6jygZDmVr","SHYNESS BOY","Anri","Timely!!","?",""
"6zfyJTgFvo54oLVJjS3jNa","Walking on the Moon - Bad Computer Remix","Infected Mushroom, Bad Computer","Walking on the Moon (Bad Computer Remix)","?",""
"207K1MXwebxpXDS43OazOU","Lost Chapter","Pentakill, Jorn","III: Lost Chapter","?",""
"2K2NeVnP853rkR5ese8ZLP","The Attack of the Dead Men","Sabaton","The Great War","?",""
"0ePmfd8y7g4zs3E6ew7pDB","The Red Baron","Sabaton","The Great War","?",""
"6kiASFX63DwJ7grwKG2HUX","Seven Pillars of Wisdom","Sabaton","The Great War","?",""
"4zvXVO0SrMYIMHVGdOm0DA","82nd All the Way","Sabaton","The Great War","?",""
"31AOj9sFz2gM0O3hMARRBx","Losing My Religion","R.E.M.","Out Of Time (25th Anniversary Edition)","?",""
"5CQ30WqJwcep0pYcV4AMNc","Stairway to Heaven - Remaster","Led Zeppelin","Led Zeppelin IV (Deluxe Edition)","?",""
"5IX4TbIR5mMHGE4wiWwKW0","One","Metallica","...And Justice For All","?",""
"53gFSL5oAseOT1jU8Cb7fa","Time Stands Still (At the Iron Hill) - Remastered 2007","Blind Guardian","Nightfall in Middle Earth (Remastered 2007)","?",""
"2Nv0zFXjH4tYS7O1OGpvt7","Spitfire","Infected Mushroom","Spitfire","?",""
"3sUH0JiRGGWOaCd46abkRA","Token Of Time","Ensiferum","Ensiferum (2009 Edition)","?",""
"4xhWfr0tyA7BGL7eXo8KnV","ALL GIRLS ARE THE SAME","RØNIN","ALL GIRLS ARE THE SAME","?",""
"02shCNmb6IvgB5jLqKjtkK","Nevada","Vicetone, Cozi Zuehlsdorff","Nevada","?",""
"79qOs49qSotfX46OGByR0M","Keep You","The Tech Thieves, One True God","Keep You","?",""
"56KAsTLcOQIVrcbfHrTua4","Mexico","Shotgun Willy, Yung Craka","Mexico","?",""
"5q7AR3TkyCxlgxAjBMu4yL","Therapy","Conro","Level Days","?",""
"06edy27Sk5v19HwEWOMg4P","Revenge, And a Little More","Unlike Pluto","Revenge, And a Little More","?",""
"171ViWJ0AKHqreEKsGGDhd","8 Legged Dreams","Unlike Pluto","8 Legged Dreams","?",""
"5fxTqRkibJsbCD1FSz8U8X","Worst in Me","Unlike Pluto","Worst in Me","?",""
"46mVyGyrRLWHjKEU4W023C","JOLT","Unlike Pluto","Fake Smiles, Real Memories","?",""
"12jnMHc10gu1Nl0g2EsM3E","No Time to Die","ThatBehavior, Lunis","No Time to Die","?",""
"5bbNH85pbTNcwFcWMffmx4","Star Glide","MUZZ, Cammie Robinson","The Promised Land","?",""
"2MuWTIM3b0YEAskbeeFE1i","Master Of Puppets","Metallica","Master Of Puppets (Remastered)","?",""
"5sICkBXVmaCQk5aISGR3x1","Enter Sandman","Metallica","Metallica","?",""
"6p8eFfPw3nQkf37aT3AkmK","Fear of the Dark - 2015 Remaster","Iron Maiden","Fear of the Dark (2015 Remaster)","?",""
"0TI8TP4FitVPoEHPTySx48","Iron Man","Black Sabbath","Paranoid (2009 Remastered Version)","?",""
"54yLLvpezvPO1lA3GspiZj","Holy Diver","Dio","Holy Diver","?",""
"4OROzZUy6gOWN4UGQVaZMF","The Trooper - 2015 Remaster","Iron Maiden","Piece of Mind (2015 Remaster)","?",""
"1jzDzZWeSDBg5fhNc3tczV","Paranoid","Black Sabbath","Paranoid (2009 Remastered Version)","?",""
"6EPRKhUOdiFSQwGBRBbvsZ","Ace of Spades","Motörhead","Ace of Spades (Expanded Edition)","?",""
"0L7zm6afBEtrNKo6C6Gj08","Painkiller","Judas Priest","Painkiller","?",""
"0E9ZjEAyAwOXZ7wJC0PD33","In My Mind","Dynoro, Gigi D'Agostino","In My Mind","?",""
"7mzIXEugIlJbkK61DJmSfg","You Are","Alex Holmes, Dark Point","You Are","?",""
"1fRadkuwHEqwMuiY5ns15C","PLAY","Tokyo Machine","PLAY","?",""
"1FpVJ7HpZInE2GvhVE2TwT","Legends Never Die","League of Legends, Against The Current","Legends Never Die","?",""
"7asFSf2pkWNEG3E5EuN1QR","Take Over","League of Legends, MAX, Jeremy McKinnon of A Day To Remember, HENRY","Take Over","?",""
"4CHDcWhqTsz53Ur9zmvHs8","Empty Bed","Saint Punk","Empty Bed","?",""
"3O82ngwOEMwApKpSWQGLd7","Cyberpunk","Max Brhon","Cyberpunk","?",""
"4utk8NuAPS5z0KsC7CU9Du","Timefracture","Bad History","Timefracture","?",""
"1vKWGVybCJaIDWlqZWJZAc","Gunslinga","Pegboard Nerds, MC Mota","Gunslinga","?",""
"73y59JEXs1yNwjuinuQA4c","Bleed Magic","I DONT KNOW HOW BUT THEY FOUND ME","Bleed Magic","?",""
"5imqCYRO6wrc5jFS53cNHo","Dirty Money","Weathers","Dirty Money","?",""
"5B8jMBPaj72HNVpvVzigFH","THE LIMIT","THYKIER","THE LIMIT","?",""
"14ny3vlL25p6Vix2Sb8k1b","Do It All The Time","I DONT KNOW HOW BUT THEY FOUND ME","Do It All The Time","?",""
"37mfTcSlX60JtAvAETytGs","Choke","I DONT KNOW HOW BUT THEY FOUND ME","Choke","?",""
"3UEnF6y5tyHVtMzldS3svp","Everything Black","Unlike Pluto, Mike Taylor, UPxMT","Everything Black","?",""
"0FD7jb7vOTEZLgAneEq4Ek","Fresh!","Schwank","Equalizer","?",""
"7fVlbM9hxmv3Omz4UPcsy8","Brain Power","NOMA","Cytus II-Neko (Original Soundtracks)","?",""
"2dnTBybJSp6FfiAssKluIw","The Wolf","CG5, Cami-Cat, FamilyJules","The Wolf","?",""
"5GgiDYTRlUqnl0v0kCSgeH","The Taste","ellis","The Taste/Orbit","?",""
"1QkQeRM0s2wHqGjF8y03h7","The Lone Slim Shady","Deez Memes","The Lone Slim Shady","?",""
"7cMECL3ApskseQxsXJq3Ii","Six Shooter","Coyote Kisses","Six Shooter","?",""
"5kvFBu6jDJMECOqmD7OwUx","Riptide","Trivecta, Amidy, RØRY","Riptide","?",""
"3UVUSY9ojJhxh1Y6dG8a85","Heart Shaped Box","Neovaii","Closure","?",""
"7zUS6YbAYq1lT9JTxuy7cw","Ghost - 2WEI Remix","Marvin Brooks, 2WEI","Ghost (2WEI Remix)","?",""
"3QSjVPObHxuAJc3E5nrjRn","VILLAIN","K/DA, Madison Beer, Kim Petras, League of Legends","ALL OUT","?",""
"5rvyUmsWA1LQGHI11FaVai","Raging on a Sunday","Bohnes","206: Act II","?",""
"5sFeSB1BheGU1tynVYEXh0","Stay And Decay","Unlike Pluto","Stay And Decay","?",""
"0or8au72kopvX6c6JYB5hh","Until I See You Again","Ollie MN","Until I See You Again","?",""
"5GRf6zSrCi8gErdN6CyRJT","Tokyo","Leat'eq","Tokyo","?",""
"0qUcpOOna3kkrwfqky85e1","Eyes Blue Like The Atlantic (feat. Subvrbs)","Sista Prod, Subvrbs","Eyes Blue Like The Atlantic (feat. Subvrbs)","?",""
"0G1TcY4rQqcFv0CESIMrn4","ما أجمل الحياة","Rachid Aseyakhe","بالعربي 1","?",""
"7D6eIQoh51AkAPfhhp3fYW","Home","Daughter","The Wild Youth EP","?",""
"2LqFmJVxAmjs2AngsZP5B8","Morning '87","Erd1, Threeeside","Morning '87","?",""
"3PnMkNdShK5RBQmLGHL5Qv","Clutch","STRLGHT","Mass Hysteria","?",""
"67CXgSwER3AaTU67HhxJCO","Warriors","Asketa & Natan Chaim, M.I.M.E, Requenze","Warriors","?",""
"5HbKNT3keqFwtFNqhzMV9J","Shiver","False Noise","Shiver","?",""
"6VHBZt8T7ZdlUt3MkOZqPy","Guitarmass","Infected Mushroom","Head of NASA and the 2 Amish Boys","?",""
"4fNbS43X6yt4iWxLgRqwKa","Gdzie jest biały węgorz ? (Zejście)","Cypis","Narkotyki są nielegalne","?",""
"2XGt9OgW0zu2X55NXnmjTa","Dreams","Rogue, Laura Brehm","Dreams","?",""
"5lyyezhTRF3zT5aIzBEDo4","Badlands","Rogue","Badlands","?",""
"5NmENli4oodYuWrI0vSGK4","Why We Lose","Cartoon, Coleman Trapp","Why We Lose","?",""
"5v7EnEkhyvdVyDvIVmuzeW","Roam With You - Club Mix","Grabbitz","Roam With You (Club Mix)","?",""
"5IaCABCJsT7PtekYLAHOw7","In The Night","MUZZ, Sullivan King","The Cascade","?",""
"6sJkY9cMocy3VaekjHFLLx","Expensive Taste","WTCHOUT, RYVN, FETH","Expensive Taste","?",""
"0X20jaV1MSfZxdHVAMVc6W","Ink Pink","Hollowness Ubiquity","Ink Pink","?",""
"485gyCREYTCihid9TaR8kP","Echo","Desmeon","Echo","?",""
"6WqrGbkeXPT7Lqz8DNywoQ","Dry Blood","Highlnd, Alex Venegas","Dry Blood","?",""
"6eSHsIV2gD7XXlSAkRrRip","No Time to Die","ThatBehavior, Lunis","No Time to Die","?",""
"1zyHhvcgTBmBVO5eGpXiaZ","Take You Down","Shyloom, FJØRA","Take You Down","?",""
"0HBrtXJohbIW4IhPZ50GmH","The Bidding","Tally Hall","Marvin's Marvelous Mechanical Museum","?",""
"6yUiLWHBV54iOS0st39EyZ","Swamp Thing","Pegboard Nerds","Swamp Thing","?",""
"1zi7xx7UVEFkmKfv06H8x0","One Dance","Drake, Wizkid, Kyla","Views","?",""
"3pqfx1XOcuFZDeKOwfOky7","Cloud 9","Tobu, Itro","Cloud 9","?",""
"6Y9JFYyGCcD34RJ7gTMcQM","NIGHT OWL","Psymun, Chester Watson","Tape","?",""
"2HCgcgN4PA0xr2ZqtsBpPb","On Our Knees (feat. R.O)","Konoba, RUGI","Smoke & Mirrors","?",""
"1rvUF7tC0DmcxZmjcHjill","Drop Top","Great Dane","Drop Top","?",""
"2Ad56krxfaqxaQPAfj2Wbs","Karoshi","Jimmy the Human","Karoshi","?",""
"0SDBe0FK81ocWdJXXz7Zg6","First To Last","Danger Incorporated","First To Last","?",""
"5kcUyhsIoVnkxTV29E8s0b","NO SUCH THING","K1D","LONELY HOUR(S)","?",""
"7tnhvZeaJGrbKOrIry2Si6","On the Road","Syd","Always Never Home","?",""
"6YzCRaCp5CQiHzthyupeBF","OMG WOW","Paris Paige","OMG WOW","?",""
"79bj6j7yTkU13sFA1yNjzV","Mine All Day","pewdiepie, Party in Backyard","Mine All Day","?",""
"0hMUwkN51sz24UYQK0UijB","One Winged Angel","RichaadEB, Cristina Vee, Caleb Hyles","One Winged Angel","?",""
"3nH3Gtm9GQVfiaYDr4AXji","Everybody Gets High","MISSIO","Loner","?",""
"56tv5hIEQQmUs8L85er1tl","Cinema","Arcando, Oddcube, Chris Jobe","Cinema","?",""
"58qSm6P5MaLDiqUoSqCMr3","Hostage","Besomorph, RIELL","Hostage","?",""
"2cGYpPNtn60ceiB7ddfEpw","Army","Besomorph, Arcando, Neoni","Army","?",""
"1DHPoTIxZE4xbvgJVD8zeL","Odds Are","The FifthGuys, Thatsimo, RIELL","Odds Are","?",""
"0E1RL6rKe18aUq70B2fgXs","Till It's Over","Tristam","Till It's Over","?",""
"5IQ4qT8K20kjLADO8qAImk","End Of The World","Arcando, ThatBehavior, Neoni","End Of The World","?",""
"35zMHLsN7awTR3wEpdtXC3","Habits (Stay High)","Arcando, Nito-Onna","Habits (Stay High)","?",""
"1kvIt9sn2osdIXNBoT5Duv","Oh My God","RIELL, Alex Byrne","Oh My God","?",""
"2aztnPrXwNv3efq0asnLjH","After All","Coopex, RIELL","After All","?",""
"0iSvVH2iyIBQD9GIdlZsif","Don't Fight Me","BAUWZ","Don't Fight Me","?",""
"3aiGshuqYhdBBBhHqRf6jn","Spider Dance","Toby Fox","UNDERTALE Soundtrack","?",""
"13WrQpPeut2MTy6jbRwc2Y","Hit The Road Jack","2WEI, Jon, Lady Bri","Hit The Road Jack","?",""
"7hjyCNZGwLl24ChXEEOexk","Trust In Me","Direct, Mr FijiWiji, Holly Drummond","Trust In Me","?",""
"6L15tAYXnwLc5pJF27V8rd","Battlecry","Mazare, Philip Strand","Battlecry","?",""
"24hPnL2Yr82INEk0YUWCJr","Kismet","WHOKILLEDXIX","Kismet","?",""
"0alcoj5J6e6q1Yi3M0hLyc","Internet Boy","Dion Timmer, Micah Martin","Monstercat Instinct Vol. 3","?",""
"27NHRT8sIeSjGsqG8eqwmv","We Are The Lights","Varien, Mr FijiWiji","We Are the Lights","?",""
"5Oxx2ro8QfsTFWrKXSLbvA","Take That (Bonus Track)","RIOT","Dogma Resistance","?",""
"3LtneQPDsVu9sPOrrytH1a","Silhouette","Bad Computer, Skyelle","Silhouette","?",""
"2YiM47FxYboCbE3BL5wHyj","Cynical","Mr FijiWiji, CoMa","Cynical","?",""
"0X0pNwpJKRaFaUNMpJ1E0R","My Love","Koven","My Love","?",""
"7izN739cE8dVF3VhrvpmWB","Jack the Ripper","Cepheid","Jack the Ripper","?",""
"2rUHJ1o9qj44fR0vTugDAx","Minecraft Pigstep - Remix","FlyxTheKid","Minecraft Pigstep (Remix)","?",""
"7GBP9vqKB9o9wcQrkblICD","One​-​Winged Angel (Final Fantasy VII)","Nobuo Uematsu","Distant Worlds: Music from Final Fantasy","?",""
"4vLBnQtece15fFhqWxZvJP","Your New Boyfriend","Wilbur Soot","Your New Boyfriend","?",""
"2MF7OrUuckMiRGaD0P3zM3","Synthesia","Dakooters","Synthesia","?",""
"27UHPJ1r0Pn1DObxlbsxeD","Early Morning Nut, Pt. 2","Yung Spinach","Coochie and Gucci","?",""
"4KngD1u3ZApVt4os3LxhEF","Turn The Lights Off","EQRIC, VADDS, Lonnel","Turn The Lights Off","?",""
"3mnSawKqEsmgRD9HjHXrrl","Shadows","Aero Chord, Nevve","Shadows","?",""
"3850dYVgOFIXJh5U4BFEWH","Hung Up","Madonna","Confessions on a Dance Floor","?",""
"3qdRwIwWa5nVZnNp43uYrx","White Tee","CORPSE","White Tee","?",""
"2ukMO1uZnSsfwWlVAMxxxA","Your Reality","Cristina Vee","Your Reality","?",""
"06L7KMqnhFTxmnHfZruHDG","Good Meme","Flyingkitty, Party in Backyard, Moist Cr1tikal","Good Meme","?",""
"1gOVlit7zHwuKv8HVta06I","It's Been So Long","The Living Tombstone","It's Been So Long","?",""
"2JV5OBqTMW1F6PYOGZJatP","DRUM GO DUM","K/DA, Wolftyla, Bekuh Boom, Aluna, League of Legends","ALL OUT","?",""
"4vo5q3Skro7SJMehr69B5q","Night of Nights","RichaadEB","Night of Nights","?",""
"3jevgr3fYdv9wYO3IDJq2a","Awaken","League of Legends, Valerie Broussard, Ray Chen","Awaken","?",""
"6oS7FOLxim3x3RzFD1GTE1","never growing up","updog","balloon boy","?",""
"4kNKL8kCCV3vt9U2k28Lyx","Finale","Toby Fox","UNDERTALE Soundtrack","?",""
"0Ww4xWSspmcAO6N8zzaR3d","Exit This Earth's Atomosphere","Camellia","PLANET / /SHAPER","?",""
"4Cf79mYekC12YWNw13Va8r","Bad Apple!!","RichaadEB, Cristina Vee","Bullet Hell","?",""
"611nlMA40SKg9gQ4pTVXT3","Discord","The Living Tombstone, Eurobeat Brony","Discord","?",""
"6tMdpUXfT70TD6Eh3XfB1p","My Ordinary Life","The Living Tombstone","My Ordinary Life","?",""